AGE,SEX
11.1266256,0
11.1266256,0
11.1266256,0
11.1266256,0
11.1266256,0
11.56468173,1
11.56468173,1
11.56468173,1
11.56468173,1
11.56468173,1
12.32854209,1
12.32854209,1
12.32854209,1
12.32854209,1
12.32854209,1
13.21013005,1
13.21013005,1
13.21013005,1
13.21013005,1
13.21013005,1
14.60643395,1
14.60643395,1
14.60643395,1
14.60643395,1
14.60643395,1
11.70157426,0
11.70157426,0
11.70157426,0
11.70157426,0
11.70157426,0
9.434633813,0
9.434633813,0
9.434633813,0
9.434633813,0
9.434633813,0
11.35934292,1
11.35934292,1
11.35934292,1
11.35934292,1
11.35934292,1
12.00273785,0
12.00273785,0
12.00273785,0
12.00273785,0
12.00273785,0
14.07802875,1
14.07802875,1
14.07802875,1
14.07802875,1
14.07802875,1
14.2642026,0
14.2642026,0
14.2642026,0
14.2642026,0
14.2642026,0
12.18617385,0
12.18617385,0
12.18617385,0
12.18617385,0
12.18617385,0
9.483915127,0
9.483915127,0
9.483915127,0
9.483915127,0
9.483915127,0
11.49897331,1
11.49897331,1
11.49897331,1
11.49897331,1
11.49897331,1
12.6844627,0
12.6844627,0
12.6844627,0
12.6844627,0
12.6844627,0
11.1156742,0
11.1156742,0
11.1156742,0
11.1156742,0
11.1156742,0
9.823408624,1
9.823408624,1
9.823408624,1
9.823408624,1
9.823408624,1
13.7357974,0
13.7357974,0
13.7357974,0
13.7357974,0
13.7357974,0
13.71389459,1
13.71389459,1
13.71389459,1
13.71389459,1
13.71389459,1
13.52772074,1
13.52772074,1
13.52772074,1
13.52772074,1
13.52772074,1
13.08418891,0
13.08418891,0
13.08418891,0
13.08418891,0
13.08418891,0
10.62833676,0
10.62833676,0
10.62833676,0
10.62833676,0
10.62833676,0
14.68856947,0
14.68856947,0
14.68856947,0
14.68856947,0
14.68856947,0
13.73305955,1
13.73305955,1
13.73305955,1
13.73305955,1
13.73305955,1
13.61259411,1
13.61259411,1
13.61259411,1
13.61259411,1
13.61259411,1
11.83572895,0
11.83572895,0
11.83572895,0
11.83572895,0
11.83572895,0
13.53593429,0
13.53593429,0
13.53593429,0
13.53593429,0
13.53593429,0
13.78781656,0
13.78781656,0
13.78781656,0
13.78781656,0
13.78781656,0
13.42094456,1
13.42094456,1
13.42094456,1
13.42094456,1
13.42094456,1
14.83641342,0
14.83641342,0
14.83641342,0
14.83641342,0
14.83641342,0
10.64202601,1
10.64202601,1
10.64202601,1
10.64202601,1
10.64202601,1
15.137577,1
15.137577,1
15.137577,1
15.137577,1
15.137577,1
13.35249829,1
13.35249829,1
13.35249829,1
13.35249829,1
13.35249829,1
10.39835729,1
10.39835729,1
10.39835729,1
10.39835729,1
10.39835729,1
11.45790554,0
11.45790554,0
11.45790554,0
11.45790554,0
11.45790554,0
13.94934976,0
13.94934976,0
13.94934976,0
13.94934976,0
13.94934976,0
13.71663244,1
13.71663244,1
13.71663244,1
13.71663244,1
13.71663244,1
14.80082136,0
14.80082136,0
14.80082136,0
14.80082136,0
14.80082136,0
14.81998631,0
14.81998631,0
14.81998631,0
14.81998631,0
14.81998631,0
13.34702259,1
13.34702259,1
13.34702259,1
13.34702259,1
13.34702259,1
13.80424367,0
13.80424367,0
13.80424367,0
13.80424367,0
13.80424367,0
13.80698152,0
13.80698152,0
13.80698152,0
13.80698152,0
13.80698152,0
14.72963724,1
14.72963724,1
14.72963724,1
14.72963724,1
14.72963724,1
15.2991102,0
15.2991102,0
15.2991102,0
15.2991102,0
15.2991102,0
9.333333333,0
9.333333333,0
9.333333333,0
9.333333333,0
9.333333333,0
12.43805613,0
12.43805613,0
12.43805613,0
12.43805613,0
12.43805613,0
10.56262834,0
10.56262834,0
10.56262834,0
10.56262834,0
10.56262834,0
13.05407255,1
13.05407255,1
13.05407255,1
13.05407255,1
13.05407255,1
13.33607118,1
13.33607118,1
13.33607118,1
13.33607118,1
13.33607118,1
14.22587269,1
14.22587269,1
14.22587269,1
14.22587269,1
14.22587269,1
13.56605065,0
13.56605065,0
13.56605065,0
13.56605065,0
13.56605065,0
11.93155373,1
11.93155373,1
11.93155373,1
11.93155373,1
11.93155373,1
12.39425051,1
12.39425051,1
12.39425051,1
12.39425051,1
12.39425051,1
9.790554415,1
9.790554415,1
9.790554415,1
9.790554415,1
9.790554415,1
9.590691307,1
9.590691307,1
9.590691307,1
9.590691307,1
9.590691307,1
13.41273101,0
13.41273101,0
13.41273101,0
13.41273101,0
13.41273101,0
11.71526352,0
11.71526352,0
11.71526352,0
11.71526352,0
11.71526352,0
11.21697468,1
11.21697468,1
11.21697468,1
11.21697468,1
11.21697468,1
10.55167693,1
10.55167693,1
10.55167693,1
10.55167693,1
10.55167693,1
13.33880904,0
13.33880904,0
13.33880904,0
13.33880904,0
13.33880904,0
12.18069815,1
12.18069815,1
12.18069815,1
12.18069815,1
12.18069815,1
13.29226557,1
13.29226557,1
13.29226557,1
13.29226557,1
13.29226557,1
13.97672827,0
13.97672827,0
13.97672827,0
13.97672827,0
13.97672827,0
10.01779603,0
10.01779603,0
10.01779603,0
10.01779603,0
10.01779603,0
12.05201917,1
12.05201917,1
12.05201917,1
12.05201917,1
12.05201917,1
14.54072553,0
14.54072553,0
14.54072553,0
14.54072553,0
14.54072553,0
12.30663929,0
12.30663929,0
12.30663929,0
12.30663929,0
12.30663929,0
9.42642026,1
9.42642026,1
9.42642026,1
9.42642026,1
9.42642026,1
10.4421629,1
10.4421629,1
10.4421629,1
10.4421629,1
10.4421629,1
12.00273785,1
12.00273785,1
12.00273785,1
12.00273785,1
12.00273785,1
11.72073922,1
11.72073922,1
11.72073922,1
11.72073922,1
11.72073922,1
10.9377139,1
10.9377139,1
10.9377139,1
10.9377139,1
10.9377139,1
13.42915811,1
13.42915811,1
13.42915811,1
13.42915811,1
13.42915811,1
10.80082136,0
10.80082136,0
10.80082136,0
10.80082136,0
10.80082136,0
12.12320329,0
12.12320329,0
12.12320329,0
12.12320329,0
12.12320329,0
9.221081451,0
9.221081451,0
9.221081451,0
9.221081451,0
9.221081451,0
11.46338125,1
11.46338125,1
11.46338125,1
11.46338125,1
11.46338125,1
11.44969199,1
11.44969199,1
11.44969199,1
11.44969199,1
11.44969199,1
15.18685832,1
15.18685832,1
15.18685832,1
15.18685832,1
15.18685832,1
14.50787132,0
14.50787132,0
14.50787132,0
14.50787132,0
14.50787132,0
13.04859685,1
13.04859685,1
13.04859685,1
13.04859685,1
13.04859685,1
14.06433949,0
14.06433949,0
14.06433949,0
14.06433949,0
14.06433949,0
13.88090349,0
13.88090349,0
13.88090349,0
13.88090349,0
13.88090349,0
12.22450377,0
12.22450377,0
12.22450377,0
12.22450377,0
12.22450377,0
12.09308693,0
12.09308693,0
12.09308693,0
12.09308693,0
12.09308693,0
12.22450377,1
12.22450377,1
12.22450377,1
12.22450377,1
12.22450377,1
13.15811088,1
13.15811088,1
13.15811088,1
13.15811088,1
13.15811088,1
15.07734429,0
15.07734429,0
15.07734429,0
15.07734429,0
15.07734429,0
12.37508556,0
12.37508556,0
12.37508556,0
12.37508556,0
12.37508556,0
11.21697468,0
11.21697468,0
11.21697468,0
11.21697468,0
11.21697468,0
11.4934976,0
11.4934976,0
11.4934976,0
11.4934976,0
11.4934976,0
13.22655715,1
13.22655715,1
13.22655715,1
13.22655715,1
13.22655715,1
15.1266256,0
15.1266256,0
15.1266256,0
15.1266256,0
15.1266256,0
12.93360712,0
12.93360712,0
12.93360712,0
12.93360712,0
12.93360712,0
10.82272416,0
10.82272416,0
10.82272416,0
10.82272416,0
10.82272416,0
10.0698152,0
10.0698152,0
10.0698152,0
10.0698152,0
10.0698152,0
12.29568789,0
12.29568789,0
12.29568789,0
12.29568789,0
12.29568789,0
9.650924025,0
9.650924025,0
9.650924025,0
9.650924025,0
9.650924025,0
14.46954141,1
14.46954141,1
14.46954141,1
14.46954141,1
14.46954141,1
11.93429158,1
11.93429158,1
11.93429158,1
11.93429158,1
11.93429158,1
10.81724846,1
10.81724846,1
10.81724846,1
10.81724846,1
10.81724846,1
11.97535934,1
11.97535934,1
11.97535934,1
11.97535934,1
11.97535934,1
13.95756331,0
13.95756331,0
13.95756331,0
13.95756331,0
13.95756331,0
13.36071184,1
13.36071184,1
13.36071184,1
13.36071184,1
13.36071184,1
9.347022587,1
9.347022587,1
9.347022587,1
9.347022587,1
9.347022587,1
12.55852156,1
12.55852156,1
12.55852156,1
12.55852156,1
12.55852156,1
11.03901437,0
11.03901437,0
11.03901437,0
11.03901437,0
11.03901437,0
14.72416153,1
14.72416153,1
14.72416153,1
14.72416153,1
14.72416153,1
14.21218344,0
14.21218344,0
14.21218344,0
14.21218344,0
14.21218344,0
10.30527036,1
10.30527036,1
10.30527036,1
10.30527036,1
10.30527036,1
15.27446954,1
15.27446954,1
15.27446954,1
15.27446954,1
15.27446954,1
11.52361396,1
11.52361396,1
11.52361396,1
11.52361396,1
11.52361396,1
14.08350445,1
14.08350445,1
14.08350445,1
14.08350445,1
14.08350445,1
12.74469541,1
12.74469541,1
12.74469541,1
12.74469541,1
12.74469541,1
13.79055442,0
13.79055442,0
13.79055442,0
13.79055442,0
13.79055442,0
15.20876112,1
15.20876112,1
15.20876112,1
15.20876112,1
15.20876112,1
10.19028063,1
10.19028063,1
10.19028063,1
10.19028063,1
10.19028063,1
14.85557837,0
14.85557837,0
14.85557837,0
14.85557837,0
14.85557837,0
14.55441478,0
14.55441478,0
14.55441478,0
14.55441478,0
14.55441478,0
10.4421629,0
10.4421629,0
10.4421629,0
10.4421629,0
10.4421629,0
14.55715264,0
14.55715264,0
14.55715264,0
14.55715264,0
14.55715264,0
12.21355236,0
12.21355236,0
12.21355236,0
12.21355236,0
12.21355236,0
13.66461328,1
13.66461328,1
13.66461328,1
13.66461328,1
13.66461328,1
10.53524983,1
10.53524983,1
10.53524983,1
10.53524983,1
10.53524983,1
9.900068446,0
9.900068446,0
9.900068446,0
9.900068446,0
9.900068446,0
10.26146475,1
10.26146475,1
10.26146475,1
10.26146475,1
10.26146475,1
10.80355921,1
10.80355921,1
10.80355921,1
10.80355921,1
10.80355921,1
9.639972622,0
9.639972622,0
9.639972622,0
9.639972622,0
9.639972622,0
10.04517454,1
10.04517454,1
10.04517454,1
10.04517454,1
10.04517454,1
12.78576318,0
12.78576318,0
12.78576318,0
12.78576318,0
12.78576318,0
12.07665982,0
12.07665982,0
12.07665982,0
12.07665982,0
12.07665982,0
9.35797399,0
9.35797399,0
9.35797399,0
9.35797399,0
9.35797399,0
14.48596852,0
14.48596852,0
14.48596852,0
14.48596852,0
14.48596852,0
11.70431212,1
11.70431212,1
11.70431212,1
11.70431212,1
11.70431212,1
14.68035592,0
14.68035592,0
14.68035592,0
14.68035592,0
14.68035592,0
12.90622861,1
12.90622861,1
12.90622861,1
12.90622861,1
12.90622861,1
12.6954141,1
12.6954141,1
12.6954141,1
12.6954141,1
12.6954141,1
9.442847365,1
9.442847365,1
9.442847365,1
9.442847365,1
9.442847365,1
13.88911704,0
13.88911704,0
13.88911704,0
13.88911704,0
13.88911704,0
12.42162902,0
12.42162902,0
12.42162902,0
12.42162902,0
12.42162902,0
9.823408624,1
9.823408624,1
9.823408624,1
9.823408624,1
9.823408624,1
9.590691307,1
9.590691307,1
9.590691307,1
9.590691307,1
9.590691307,1
9.281314168,1
9.281314168,1
9.281314168,1
9.281314168,1
9.281314168,1
14.15468857,1
14.15468857,1
14.15468857,1
14.15468857,1
14.15468857,1
10.08898015,1
10.08898015,1
10.08898015,1
10.08898015,1
10.08898015,1
15.22518823,1
15.22518823,1
15.22518823,1
15.22518823,1
15.22518823,1
11.22245038,0
11.22245038,0
11.22245038,0
11.22245038,0
11.22245038,0
13.46201232,0
13.46201232,0
13.46201232,0
13.46201232,0
13.46201232,0
9.691991786,1
9.691991786,1
9.691991786,1
9.691991786,1
9.691991786,1
11.66324435,0
11.66324435,0
11.66324435,0
11.66324435,0
11.66324435,0
12.09034908,0
12.09034908,0
12.09034908,0
12.09034908,0
12.09034908,0
12.22724162,1
12.22724162,1
12.22724162,1
12.22724162,1
12.22724162,1
9.689253936,1
9.689253936,1
9.689253936,1
9.689253936,1
9.689253936,1
14.72963724,1
14.72963724,1
14.72963724,1
14.72963724,1
14.72963724,1
11.20876112,1
11.20876112,1
11.20876112,1
11.20876112,1
11.20876112,1
13.49760438,0
13.49760438,0
13.49760438,0
13.49760438,0
13.49760438,0
12.11498973,1
12.11498973,1
12.11498973,1
12.11498973,1
12.11498973,1
13.61533196,0
13.61533196,0
13.61533196,0
13.61533196,0
13.61533196,0
11.83572895,1
11.83572895,1
11.83572895,1
11.83572895,1
11.83572895,1
10.63655031,1
10.63655031,1
10.63655031,1
10.63655031,1
10.63655031,1
13.11430527,0
13.11430527,0
13.11430527,0
13.11430527,0
13.11430527,0
11.94524298,1
11.94524298,1
11.94524298,1
11.94524298,1
11.94524298,1
14.19849418,1
14.19849418,1
14.19849418,1
14.19849418,1
14.19849418,1
14.65297741,0
14.65297741,0
14.65297741,0
14.65297741,0
14.65297741,0
9.56605065,0
9.56605065,0
9.56605065,0
9.56605065,0
9.56605065,0
12.26283368,0
12.26283368,0
12.26283368,0
12.26283368,0
12.26283368,0
15.23613963,1
15.23613963,1
15.23613963,1
15.23613963,1
15.23613963,1
14.91307324,1
14.91307324,1
14.91307324,1
14.91307324,1
14.91307324,1
13.45653662,0
13.45653662,0
13.45653662,0
13.45653662,0
13.45653662,0
14.02327173,1
14.02327173,1
14.02327173,1
14.02327173,1
14.02327173,1
11.11293635,1
11.11293635,1
11.11293635,1
11.11293635,1
11.11293635,1
12.41889117,0
12.41889117,0
12.41889117,0
12.41889117,0
12.41889117,0
10.20670773,1
10.20670773,1
10.20670773,1
10.20670773,1
10.20670773,1
14.20123203,1
14.20123203,1
14.20123203,1
14.20123203,1
14.20123203,1
9.489390828,0
9.489390828,0
9.489390828,0
9.489390828,0
9.489390828,0
11.68240931,1
11.68240931,1
11.68240931,1
11.68240931,1
11.68240931,1
14.61738535,0
14.61738535,0
14.61738535,0
14.61738535,0
14.61738535,0
14.35181383,1
14.35181383,1
14.35181383,1
14.35181383,1
14.35181383,1
11.62765229,1
11.62765229,1
11.62765229,1
11.62765229,1
11.62765229,1
15.17590691,0
15.17590691,0
15.17590691,0
15.17590691,0
15.17590691,0
12.21629021,0
12.21629021,0
12.21629021,0
12.21629021,0
12.21629021,0
13.49760438,1
13.49760438,1
13.49760438,1
13.49760438,1
13.49760438,1
14.04243669,0
14.04243669,0
14.04243669,0
14.04243669,0
14.04243669,0
10.27789186,0
10.27789186,0
10.27789186,0
10.27789186,0
10.27789186,0
14.46954141,0
14.46954141,0
14.46954141,0
14.46954141,0
14.46954141,0
10.56262834,0
10.56262834,0
10.56262834,0
10.56262834,0
10.56262834,0
11.77549624,1
11.77549624,1
11.77549624,1
11.77549624,1
11.77549624,1
10.63107461,0
10.63107461,0
10.63107461,0
10.63107461,0
10.63107461,0
9.333333333,1
9.333333333,1
9.333333333,1
9.333333333,1
9.333333333,1
11.95619439,0
11.95619439,0
11.95619439,0
11.95619439,0
11.95619439,0
11.86036961,1
11.86036961,1
11.86036961,1
11.86036961,1
11.86036961,1
14.5927447,1
14.5927447,1
14.5927447,1
14.5927447,1
14.5927447,1
12.92265572,0
12.92265572,0
12.92265572,0
12.92265572,0
12.92265572,0
9.371663244,1
9.371663244,1
9.371663244,1
9.371663244,1
9.371663244,1
13.28952772,1
13.28952772,1
13.28952772,1
13.28952772,1
13.28952772,1
13.47296372,1
13.47296372,1
13.47296372,1
13.47296372,1
13.47296372,1
11.74537988,1
11.74537988,1
11.74537988,1
11.74537988,1
11.74537988,1
9.347022587,1
9.347022587,1
9.347022587,1
9.347022587,1
9.347022587,1
14.34633813,1
14.34633813,1
14.34633813,1
14.34633813,1
14.34633813,1
14.15742642,0
14.15742642,0
14.15742642,0
14.15742642,0
14.15742642,0
14.85284052,0
14.85284052,0
14.85284052,0
14.85284052,0
14.85284052,0
10.31348392,0
10.31348392,0
10.31348392,0
10.31348392,0
10.31348392,0
10.69130732,0
10.69130732,0
10.69130732,0
10.69130732,0
10.69130732,0
11.10746064,0
11.10746064,0
11.10746064,0
11.10746064,0
11.10746064,0
14.94045175,0
14.94045175,0
14.94045175,0
14.94045175,0
14.94045175,0
10.00410678,1
10.00410678,1
10.00410678,1
10.00410678,1
10.00410678,1
13.99041752,1
13.99041752,1
13.99041752,1
13.99041752,1
13.99041752,1
10.86105407,0
10.86105407,0
10.86105407,0
10.86105407,0
10.86105407,0
12.67351129,0
12.67351129,0
12.67351129,0
12.67351129,0
12.67351129,0
9.694729637,1
9.694729637,1
9.694729637,1
9.694729637,1
9.694729637,1
12.34770705,1
12.34770705,1
12.34770705,1
12.34770705,1
12.34770705,1
11.44969199,1
11.44969199,1
11.44969199,1
11.44969199,1
11.44969199,1
13.24024641,0
13.24024641,0
13.24024641,0
13.24024641,0
13.24024641,0
9.798767967,1
9.798767967,1
9.798767967,1
9.798767967,1
9.798767967,1
9.927446954,0
9.927446954,0
9.927446954,0
9.927446954,0
9.927446954,0
13.13347023,0
13.13347023,0
13.13347023,0
13.13347023,0
13.13347023,0
15.15674196,0
15.15674196,0
15.15674196,0
15.15674196,0
15.15674196,0
11.8220397,0
11.8220397,0
11.8220397,0
11.8220397,0
11.8220397,0
14.24503765,1
14.24503765,1
14.24503765,1
14.24503765,1
14.24503765,1
9.549623546,1
9.549623546,1
9.549623546,1
9.549623546,1
9.549623546,1
12.71184121,0
12.71184121,0
12.71184121,0
12.71184121,0
12.71184121,0
12.98288843,1
12.98288843,1
12.98288843,1
12.98288843,1
12.98288843,1
13.82340862,0
13.82340862,0
13.82340862,0
13.82340862,0
13.82340862,0
10.68035592,0
10.68035592,0
10.68035592,0
10.68035592,0
10.68035592,0
11.02806297,1
11.02806297,1
11.02806297,1
11.02806297,1
11.02806297,1
13.80698152,0
13.80698152,0
13.80698152,0
13.80698152,0
13.80698152,0
9.486652977,1
9.486652977,1
9.486652977,1
9.486652977,1
9.486652977,1
9.615331964,1
9.615331964,1
9.615331964,1
9.615331964,1
9.615331964,1
12.5065024,0
12.5065024,0
12.5065024,0
12.5065024,0
12.5065024,0
12.42436687,0
12.42436687,0
12.42436687,0
12.42436687,0
12.42436687,0
12.67077344,1
12.67077344,1
12.67077344,1
12.67077344,1
12.67077344,1
10.62833676,0
10.62833676,0
10.62833676,0
10.62833676,0
10.62833676,0
14.26146475,1
14.26146475,1
14.26146475,1
14.26146475,1
14.26146475,1
9.711156742,1
9.711156742,1
9.711156742,1
9.711156742,1
9.711156742,1
14.11362081,1
14.11362081,1
14.11362081,1
14.11362081,1
14.11362081,1
10.80629706,1
10.80629706,1
10.80629706,1
10.80629706,1
10.80629706,1
13.84804928,1
13.84804928,1
13.84804928,1
13.84804928,1
13.84804928,1
13.13347023,0
13.13347023,0
13.13347023,0
13.13347023,0
13.13347023,0
13.37166324,0
13.37166324,0
13.37166324,0
13.37166324,0
13.37166324,0
12.22176591,0
12.22176591,0
12.22176591,0
12.22176591,0
12.22176591,0
11.79739904,1
11.79739904,1
11.79739904,1
11.79739904,1
11.79739904,1
10.00410678,0
10.00410678,0
10.00410678,0
10.00410678,0
10.00410678,0
13.26488706,1
13.26488706,1
13.26488706,1
13.26488706,1
13.26488706,1
10.14373717,0
10.14373717,0
10.14373717,0
10.14373717,0
10.14373717,0
14.54893908,0
14.54893908,0
14.54893908,0
14.54893908,0
14.54893908,0
12.28473648,0
12.28473648,0
12.28473648,0
12.28473648,0
12.28473648,0
15.08555784,0
15.08555784,0
15.08555784,0
15.08555784,0
15.08555784,0
14.58726899,0
14.58726899,0
14.58726899,0
14.58726899,0
14.58726899,0
11.27994524,1
11.27994524,1
11.27994524,1
11.27994524,1
11.27994524,1
12.09034908,1
12.09034908,1
12.09034908,1
12.09034908,1
12.09034908,1
11.86310746,1
11.86310746,1
11.86310746,1
11.86310746,1
11.86310746,1
14.48049281,1
14.48049281,1
14.48049281,1
14.48049281,1
14.48049281,1
14.50239562,1
14.50239562,1
14.50239562,1
14.50239562,1
14.50239562,1
12.95824778,1
12.95824778,1
12.95824778,1
12.95824778,1
12.95824778,1
10.89664613,1
10.89664613,1
10.89664613,1
10.89664613,1
10.89664613,1
14.11088296,0
14.11088296,0
14.11088296,0
14.11088296,0
14.11088296,0
12.57221082,0
12.57221082,0
12.57221082,0
12.57221082,0
12.57221082,0
10.91854894,1
10.91854894,1
10.91854894,1
10.91854894,1
10.91854894,1
14.55715264,0
14.55715264,0
14.55715264,0
14.55715264,0
14.55715264,0
10.39014374,1
10.39014374,1
10.39014374,1
10.39014374,1
10.39014374,1
10.36550308,0
10.36550308,0
10.36550308,0
10.36550308,0
10.36550308,0
14.81724846,1
14.81724846,1
14.81724846,1
14.81724846,1
14.81724846,1
12.678987,0
12.678987,0
12.678987,0
12.678987,0
12.678987,0
13.88911704,0
13.88911704,0
13.88911704,0
13.88911704,0
13.88911704,0
12.23271732,0
12.23271732,0
12.23271732,0
12.23271732,0
12.23271732,0
14.07255305,0
14.07255305,0
14.07255305,0
14.07255305,0
14.07255305,0
13.90554415,1
13.90554415,1
13.90554415,1
13.90554415,1
13.90554415,1
13.43737166,0
13.43737166,0
13.43737166,0
13.43737166,0
13.43737166,0
14.2642026,1
14.2642026,1
14.2642026,1
14.2642026,1
14.2642026,1
14.51882272,1
14.51882272,1
14.51882272,1
14.51882272,1
14.51882272,1
13.50581793,0
13.50581793,0
13.50581793,0
13.50581793,0
13.50581793,0
13.47570157,0
13.47570157,0
13.47570157,0
13.47570157,0
13.47570157,0
10.19028063,1
10.19028063,1
10.19028063,1
10.19028063,1
10.19028063,1
15.33196441,1
15.33196441,1
15.33196441,1
15.33196441,1
15.33196441,1
14.52703628,0
14.52703628,0
14.52703628,0
14.52703628,0
14.52703628,0
10.66119097,0
10.66119097,0
10.66119097,0
10.66119097,0
10.66119097,0
10.66119097,0
10.66119097,0
10.66119097,0
10.66119097,0
10.66119097,0
15.05270363,0
15.05270363,0
15.05270363,0
15.05270363,0
15.05270363,0
12.8733744,0
12.8733744,0
12.8733744,0
12.8733744,0
12.8733744,0
14.29158111,0
14.29158111,0
14.29158111,0
14.29158111,0
14.29158111,0
10.52703628,0
10.52703628,0
10.52703628,0
10.52703628,0
10.52703628,0
9.826146475,0
9.826146475,0
9.826146475,0
9.826146475,0
9.826146475,0
14.62833676,1
14.62833676,1
14.62833676,1
14.62833676,1
14.62833676,1
13.27310062,0
13.27310062,0
13.27310062,0
13.27310062,0
13.27310062,0
14.16837782,0
14.16837782,0
14.16837782,0
14.16837782,0
14.16837782,0
14.73237509,1
14.73237509,1
14.73237509,1
14.73237509,1
14.73237509,1
14.25598905,1
14.25598905,1
14.25598905,1
14.25598905,1
14.25598905,1
10.84462697,0
10.84462697,0
10.84462697,0
10.84462697,0
10.84462697,0
10.91033539,1
10.91033539,1
10.91033539,1
10.91033539,1
10.91033539,1
11.17316906,0
11.17316906,0
11.17316906,0
11.17316906,0
11.17316906,0
13.09240246,1
13.09240246,1
13.09240246,1
13.09240246,1
13.09240246,1
12.183436,1
12.183436,1
12.183436,1
12.183436,1
12.183436,1
14.01505818,0
14.01505818,0
14.01505818,0
14.01505818,0
14.01505818,0
13.69746749,0
13.69746749,0
13.69746749,0
13.69746749,0
13.69746749,0
14.26694045,1
14.26694045,1
14.26694045,1
14.26694045,1
14.26694045,1
14.69952088,0
14.69952088,0
14.69952088,0
14.69952088,0
14.69952088,0
13.43189596,1
13.43189596,1
13.43189596,1
13.43189596,1
13.43189596,1
11.82477755,0
11.82477755,0
11.82477755,0
11.82477755,0
11.82477755,0
11.35386721,1
11.35386721,1
11.35386721,1
11.35386721,1
11.35386721,1
9.481177276,1
9.481177276,1
9.481177276,1
9.481177276,1
9.481177276,1
11.67145791,1
11.67145791,1
11.67145791,1
11.67145791,1
11.67145791,1
14.22313484,1
14.22313484,1
14.22313484,1
14.22313484,1
14.22313484,1
10.30253251,1
10.30253251,1
10.30253251,1
10.30253251,1
10.30253251,1
14.16837782,0
14.16837782,0
14.16837782,0
14.16837782,0
14.16837782,0
14.31622177,1
14.31622177,1
14.31622177,1
14.31622177,1
14.31622177,1
12.20533881,1
12.20533881,1
12.20533881,1
12.20533881,1
12.20533881,1
12.66255989,1
12.66255989,1
12.66255989,1
12.66255989,1
12.66255989,1
15.04175223,0
15.04175223,0
15.04175223,0
15.04175223,0
15.04175223,0
14.03969884,0
14.03969884,0
14.03969884,0
14.03969884,0
14.03969884,0
12.94729637,0
12.94729637,0
12.94729637,0
12.94729637,0
12.94729637,0
9.404517454,0
9.404517454,0
9.404517454,0
9.404517454,0
9.404517454,0
10.01232033,0
10.01232033,0
10.01232033,0
10.01232033,0
10.01232033,0
10.64476386,1
10.64476386,1
10.64476386,1
10.64476386,1
10.64476386,1
14.11088296,0
14.11088296,0
14.11088296,0
14.11088296,0
14.11088296,0
14.27241615,1
14.27241615,1
14.27241615,1
14.27241615,1
14.27241615,1
14.78986995,0
14.78986995,0
14.78986995,0
14.78986995,0
14.78986995,0
13.70294319,1
13.70294319,1
13.70294319,1
13.70294319,1
13.70294319,1
11.04996578,0
11.04996578,0
11.04996578,0
11.04996578,0
11.04996578,0
14.62559891,0
14.62559891,0
14.62559891,0
14.62559891,0
14.62559891,0
12.73648186,0
12.73648186,0
12.73648186,0
12.73648186,0
12.73648186,0
11.72895277,0
11.72895277,0
11.72895277,0
11.72895277,0
11.72895277,0
14.60095825,0
14.60095825,0
14.60095825,0
14.60095825,0
14.60095825,0
14.07802875,0
14.07802875,0
14.07802875,0
14.07802875,0
14.07802875,0
10.95140315,1
10.95140315,1
10.95140315,1
10.95140315,1
10.95140315,1
9.776865161,1
9.776865161,1
9.776865161,1
9.776865161,1
9.776865161,1
10.36824093,0
10.36824093,0
10.36824093,0
10.36824093,0
10.36824093,0
13.34976044,0
13.34976044,0
13.34976044,0
13.34976044,0
13.34976044,0
13.51129363,1
13.51129363,1
13.51129363,1
13.51129363,1
13.51129363,1
13.57152635,1
13.57152635,1
13.57152635,1
13.57152635,1
13.57152635,1
12.10677618,1
12.10677618,1
12.10677618,1
12.10677618,1
12.10677618,1
15.11841205,0
15.11841205,0
15.11841205,0
15.11841205,0
15.11841205,0
10.20123203,1
10.20123203,1
10.20123203,1
10.20123203,1
10.20123203,1
11.99178645,0
11.99178645,0
11.99178645,0
11.99178645,0
11.99178645,0
13.67008898,0
13.67008898,0
13.67008898,0
13.67008898,0
13.67008898,0
12.88158795,0
12.88158795,0
12.88158795,0
12.88158795,0
12.88158795,0
13.93018481,1
13.93018481,1
13.93018481,1
13.93018481,1
13.93018481,1
13.30595483,0
13.30595483,0
13.30595483,0
13.30595483,0
13.30595483,0
14.7652293,0
14.7652293,0
14.7652293,0
14.7652293,0
14.7652293,0
13.61259411,0
13.61259411,0
13.61259411,0
13.61259411,0
13.61259411,0
10.68856947,0
10.68856947,0
10.68856947,0
10.68856947,0
10.68856947,0
13.99041752,0
13.99041752,0
13.99041752,0
13.99041752,0
13.99041752,0
12.68172485,1
12.68172485,1
12.68172485,1
12.68172485,1
12.68172485,1
9.404517454,0
9.404517454,0
9.404517454,0
9.404517454,0
9.404517454,0
10.09993155,1
10.09993155,1
10.09993155,1
10.09993155,1
10.09993155,1
11.37577002,0
11.37577002,0
11.37577002,0
11.37577002,0
11.37577002,0
10.4257358,1
10.4257358,1
10.4257358,1
10.4257358,1
10.4257358,1
9.242984257,1
9.242984257,1
9.242984257,1
9.242984257,1
9.242984257,1
11.17864476,1
11.17864476,1
11.17864476,1
11.17864476,1
11.17864476,1
11.17316906,1
11.17316906,1
11.17316906,1
11.17316906,1
11.17316906,1
13.36071184,1
13.36071184,1
13.36071184,1
13.36071184,1
13.36071184,1
13.07323751,0
13.07323751,0
13.07323751,0
13.07323751,0
13.07323751,0
14.02600958,0
14.02600958,0
14.02600958,0
14.02600958,0
14.02600958,0
10.07802875,1
10.07802875,1
10.07802875,1
10.07802875,1
10.07802875,1
10.00136893,1
10.00136893,1
10.00136893,1
10.00136893,1
10.00136893,1
10.7652293,1
10.7652293,1
10.7652293,1
10.7652293,1
10.7652293,1
12.81861739,1
12.81861739,1
12.81861739,1
12.81861739,1
12.81861739,1
15.00616016,0
15.00616016,0
15.00616016,0
15.00616016,0
15.00616016,0
11.45516769,1
11.45516769,1
11.45516769,1
11.45516769,1
11.45516769,1
10.96783025,1
10.96783025,1
10.96783025,1
10.96783025,1
10.96783025,1
12.5065024,1
12.5065024,1
12.5065024,1
12.5065024,1
12.5065024,1
14.89664613,1
14.89664613,1
14.89664613,1
14.89664613,1
14.89664613,1
12.84599589,0
12.84599589,0
12.84599589,0
12.84599589,0
12.84599589,0
12.06297057,1
12.06297057,1
12.06297057,1
12.06297057,1
12.06297057,1
12.3340178,0
12.3340178,0
12.3340178,0
12.3340178,0
12.3340178,0
14.06707734,1
14.06707734,1
14.06707734,1
14.06707734,1
14.06707734,1
14.85831622,1
14.85831622,1
14.85831622,1
14.85831622,1
14.85831622,1
10.96783025,0
10.96783025,0
10.96783025,0
10.96783025,0
10.96783025,0
11.22518823,0
11.22518823,0
11.22518823,0
11.22518823,0
11.22518823,0
10.52703628,0
10.52703628,0
10.52703628,0
10.52703628,0
10.52703628,0
12.44626968,0
12.44626968,0
12.44626968,0
12.44626968,0
12.44626968,0
9.681040383,1
9.681040383,1
9.681040383,1
9.681040383,1
9.681040383,1
13.0513347,1
13.0513347,1
13.0513347,1
13.0513347,1
13.0513347,1
13.09240246,1
13.09240246,1
13.09240246,1
13.09240246,1
13.09240246,1
13.4017796,1
13.4017796,1
13.4017796,1
13.4017796,1
13.4017796,1
13.35797399,1
13.35797399,1
13.35797399,1
13.35797399,1
13.35797399,1
12.87063655,1
12.87063655,1
12.87063655,1
12.87063655,1
12.87063655,1
9.919233402,0
9.919233402,0
9.919233402,0
9.919233402,0
9.919233402,0
11.21697468,0
11.21697468,0
11.21697468,0
11.21697468,0
11.21697468,0
11.8220397,1
11.8220397,1
11.8220397,1
11.8220397,1
11.8220397,1
13.72758385,1
13.72758385,1
13.72758385,1
13.72758385,1
13.72758385,1
13.76043806,1
13.76043806,1
13.76043806,1
13.76043806,1
13.76043806,1
11.4661191,0
11.4661191,0
11.4661191,0
11.4661191,0
11.4661191,0
9.533196441,1
9.533196441,1
9.533196441,1
9.533196441,1
9.533196441,1
14.78439425,1
14.78439425,1
14.78439425,1
14.78439425,1
14.78439425,1
9.828884326,1
9.828884326,1
9.828884326,1
9.828884326,1
9.828884326,1
12.7008898,1
12.7008898,1
12.7008898,1
12.7008898,1
12.7008898,1
12.65982204,0
12.65982204,0
12.65982204,0
12.65982204,0
12.65982204,0
11.05544148,1
11.05544148,1
11.05544148,1
11.05544148,1
11.05544148,1
11.72895277,0
11.72895277,0
11.72895277,0
11.72895277,0
11.72895277,0
13.00479124,0
13.00479124,0
13.00479124,0
13.00479124,0
13.00479124,0
