MASTERID,CxDFR,PxDFR,CxPCC,PxPCC,CxPi_P1
1800,32,33,42,22,4.583333333
1800,38,32,19,24,5
1800,39,32,21,19,4.833333333
1800,38,30,23,14,5
1800,33,34,19,20,4.833333333
1801,36,37,26,27,4.333333333
1801,36,44,27,30,3.416666667
1801,32,38,35,38,3.333333333
1801,34,37,34,23,2.833333333
1801,36,35,36,30,4
1802,31,31,22,27,4.666666667
1802,27,31,23,29,4.75
1802,28,31,31,28,3.333333333
1802,29,31,38.5,27,3.458333333
1802,26,28,27,27,3
1803,29,36,22,22,4.5
1803,33,35,24,21,4
1803,30,32,21,23,4.666666667
1803,30,27.1,20,26,4.708333334
1803,28,30,19,27,3
1804,30,31,21,28,3.666666667
1804,34,34,23,35.88888889,4.75
1804,30,34,22,34,4
1804,30,37,27,36,3.833333333
1804,31,32,25,27,4.166666667
1805,33,34,22,23,3.416666667
1805,30,33,21,24,4
1805,29,35,24,29,4.333333333
1805,32,34,26,30,4.333333333
1805,32,39,24,23,3.666666667
1806,26,49,32,23,4.5
1806,48,46,47,25,2
1806,44,41,48,22,4.333333333
1806,44,44,42,19,4
1806,42,40,37,23,2.5
1807,32,38,26,24,4.583333333
1807,38,39,32,30,4
1807,34,37,27,22,4.25
1807,31,36,29,27,4.166666667
1807,29,37,30,26,2.666666667
1808,33,40,43,29,4.916666667
1808,34,36,26,27,4.666666667
1808,34,33,24,27,4.666666667
1808,29,31,24,26,4.833333333
1808,29,31,23,25,5
1809,28,35,25,24,3.416666667
1809,29,33,28,30,3
1809,24,32,25,26,2.666666667
1809,26,30.5,27.5,24.5,2.5
1809,26,33,25,29,3
1810,34,44.625,37,25,2.833333333
1810,37,43,26,25.33333333,3.75
1810,33,36,25,19,3
1810,33,25,24,19,3.416666667
1810,27,30,24,22,3.916666667
1811,49,43,21,41,3.583333333
1811,42,43,19,33,5
1811,44,44,24,38,5
1811,47,39,31,36,4
1811,42,43,28,25,4
1812,32,47,28,27,2.416666667
1812,42,41.28571429,33,24,4.166666667
1812,43,41.4375,31,24,2.166666667
1812,50,47,27,27,3.75
1812,44,40,23,30,2.416666667
1813,35.0625,43,20,25,3.666666667
1813,31,36,19,25,4.833333333
1813,34,31,19,25,4.666666667
1813,32,31,24,18,1.583333333
1813,29,30,22,26,3.416666667
1814,35,40,28,28,4.583333333
1814,33,37,25,29,4.166666667
1814,31,33,26,26,3.5
1814,33,35,25,28,3
1814,36,35,31,34,3
1815,34,34,19,20,5
1815,34,30,20,21,5
1815,33,32,20,29,5
1815,28,26,15,29,5
1815,31,26,22,23,4
1816,35,49,34.83333333,29,1.916666667
1816,35,41,31,29,4
1816,35,38,35,20,3.333333333
1816,32,39,29,22,4.916666667
1816,33,40,31,24,5
1817,35,36.125,20,25.33333333,5
1817,36,32.9375,20,24.27777778,4.666666667
1817,39,37,19,25,4.916666667
1817,33,36.125,20,25.33333333,5
1817,33,34,21,30,6
1819,28,30,26,20,4.25
1819,27.5,29.5,22,19.5,4.541666667
1819,29,34,23,20,5
1819,28.5,29,24,20.5,4.458333334
1819,35,31,33,23,5
1820,31,33,28,27,4.416666667
1820,29,30,27,29,4.833333333
1820,28,32,30,27,3.166666667
1820,29,31.875,31,28,3.666666667
1820,29,30,33,28,3.583333333
1821,34,43,20,46,4.916666667
1821,39,37,23,42,4.5
1821,30,41,12,46,5
1821,35,39,20,44,4.916666667
1821,34,35,23,50,4.583333333
1822,42,35,21.11111111,22,5
1822,30,36,21,23,4.833333333
1822,34,32,22,30,5
1822,35,30,19,29,4.458333333
1822,32,34,19,22,4
1823,29,30,23,20,3.333333333
1823,34,29,25,21,4
1823,32,24,22,19,4.833333333
1823,30,24.5,20.5,19.5,4.916666667
1823,31,26,23,24,5
1824,35,36,20,20,4.166666667
1824,34,38,21,22,3.916666667
1824,33,36.125,19,22,4.833333333
1824,30,30.90625,19,21.5,4.166666667
1824,34,33,26,21,4
1825,42,36,39,35,3.666666667
1825,39,38.25,31,27,4.333333333
1825,44,41.5,38.41666667,33,3
1825,40.375,43,29,32,3.75
1825,39,42,29,30,2
1826,31,35,44.33333333,28,3.5
1826,30,31,23,33,3
1826,28,38,26,33,4.416666667
1826,32,35,30,36,3
1826,32,34,27,24,2.5
1827,29.46666667,29,27.94117647,33,2.636363636
1827,25.5,28.6875,23.47058824,30,2.583333333
1827,24,26,26,33,2.75
1827,26,26,27,36,2
1827,30,27,31,36,1
1828,38,37,31,19,4.833333333
1828,35,34,24,19,4.666666667
1828,30,35,24,19,4.75
1828,33.5,34,19.5,19.5,5
1828,33,38,24,23,5
1829,29,34,25,32,4.25
1829,30.8125,30,26,28.5,3.833333333
1829,31,33,28,30,4.583333333
1829,28,30.375,29,26,3.875
1829,31,33,30,28,4
1830,27,33,27.44444444,23,3.333333333
1830,24,28,16,22,4
1830,27,29,21,24,4
1830,25,29,16,22,4
1830,26,32,17,23,3
1831,37,39.3125,24,24.27777778,4.333333333
1831,35,36,26,25,4.833333333
1831,32,34,23,26,5
1831,33,35,26,25,4.75
1831,29,32,22,21,5
1832,33,35.0625,37,51,4.833333333
1832,33,34,19,52,5
1832,35,35,24,33,5
1832,31,35,22,28,5
1832,29,34,21,24,5
1834,34,39,52,24,3.916666667
1834,27,40,21,26,4.833333333
1834,29,41,21,30,3.833333333
1834,31,42,21,52,3.916666667
1834,31,40,22,39,4
1835,38,42,22.16666667,23,4.833333333
1835,35,37,23,22,4.666666667
1835,33,37,25,26,4
1835,34,38,25,28,5
1835,35,37,27,27,4.166666667
1836,34,34,27,21,3.75
1836,27,36,18,22,4
1836,28.6875,32,23,23,3.5
1836,32,30,28,19,3.833333333
1836,31,28,26,23,3
1837,28,38,38,32,3.833333333
1837,28,33,30,30,3.083333333
1837,33,35,26,22,3.333333333
1837,35,29,51,31,4.083333333
1837,33,31,28,34,3.583333333
1839,29,35,25,34,4.916666667
1839,32,37,19,32,5
1839,33,35,19,27,5
1839,35,33,19,31,5
1839,30,34,23,32,5
1840,29,31,21,20,3.5
1840,30,35,22,19,3.636363636
1840,28,29.75,22,19,3.416666667
1840,27,30,24,19,3.666666667
1840,30,32,27,19,3
1841,27,28,24,24,3.166666667
1841,24.4375,33,26,30,3
1841,26,30,29,23,3
1841,23,29,21,24,3
1841,28,26,27,29,3
1842,29,33,27,30,3.916666667
1842,29,31,25,29,4.5
1842,29,30,24,29,3.5
1842,26.06666667,33,28,36,2.833333333
1842,33,31,34,26,3
1843,31,27,24,19,3.75
1843,32,28,24,20,3.416666667
1843,27,27,21,22,2.75
1843,26,28,20,24,4
1843,27,26,23,20,4
1844,32,45,27,26,4.833333333
1844,32,41,31,29,4.25
1844,31,40,25,34,3.333333333
1844,26,42,24,32,4
1844,25,44,23,43,3.916666667
1845,29,36,27,26,2.916666667
1845,31,26,25,22,3.416666667
1845,30,31,31,29,2.416666667
1845,28,29,29,33,2.090909091
1845,29.75,32,25,30,2.916666667
1846,34,40.375,30,30,4.583333333
1846,38,37,31,23,4
1846,38,36,35,21,3
1846,35,39,31,32,4
1846,34,38,29,28,4
1847,39,48,27,21,4.833333333
1847,40,48,24,46,3.416666667
1847,37,47,29,37,4.166666667
1847,35,47,26,37,4.75
1847,29.75,41.93333333,36,39,3.25
1848,34,39,33,55,3.083333333
1848,35,36,32,23,4.25
1848,32,36,25,25,3.5
1848,36,36,31,26,2.583333333
1848,31.875,30,25,33,2.75
1849,28.6875,41.4375,38,36,3.25
1849,37,36,38,28,3.166666667
1849,37,38,38,31,4
1849,38,38,39.05555556,37,3.666666667
1849,35,39,35,37,4
1850,34,36,25,22,4
1850,34,36,30,22,3.833333333
1850,35,34,28.5,24,3.833333333
1850,31.875,29,31,23,3.416666667
1850,32,30,30,25,3
1851,35,35,24,25,4.583333333
1851,31,31,24,23,2.75
1851,30,28,24,19,2.916666667
1851,27,32,27,28,1.833333333
1851,29,36,26,28,2.333333333
1852,26,29,23,23,2.75
1852,28,29,23,24,2.833333333
1852,27,31,28,28,3.25
1852,29,29,31,31,4
1852,26,28,28,26,3.916666667
1853,32,37,28,37,2.916666667
1853,34,40,34,40,4
1853,32,38.53333333,33,47,4
1853,28,35,36,19,3.083333333
1853,33,35,34,24,3.083333333
1854,28,46,30,28,5
1854,30,39,35,34,5
1854,37,41,46,30,5
1854,32,39,45,47,3.5
1854,38.25,40,53,25,5
1855,29,37,27,29,4.5
1855,31,36,24,24,4.833333333
1855,30.5,34,21.5,25,4.34469697
1855,25,31,22,27,3.75
1855,29,32,26.38888889,27,3.75
1856,31,38,26,26,4.5
1856,42,36,28,25,4.583333333
1856,40,41,21,27.44444444,4.727272727
1856,41,38,28,28,4
1856,37,36,23,27,4.916666667
1857,38,31,24,24,4.916666667
1857,39,35,24,21,4.416666667
1857,35,32,22,19,4.75
1857,37.59375,32,24.5,22.5,4.666666667
1857,30,30,17,20,4
1858,38,49,25,50,2.75
1858,39,47,27,46,4
1858,41,45,24,50,5
1858,41.5,45.5,40,46,4.958333334
1858,40,44,35,36,4
1859,34,34,25,24,4.666666667
1859,36,35,19,21,4.75
1859,32,37,28,27,4.25
1859,30,33.5,24,31.5,3.416666667
1859,34,33,28,28,4
1860,33,32,26,27,3.75
1860,31,39,24,30,4.166666667
1860,38,36,36,33,4
1860,32,35,31,31,2.916666667
1860,32,33,29,29,4.166666667
1861,36,37,55,28,5
1861,41,39,37,23,4
1861,39,36,23,33,3.583333333
1861,35,44,44,28,3
1861,32.9375,37,54,20,3.75
1862,32,40,35,29,4.333333333
1862,33,36,48,29,4
1862,27,34,52,31,3.833333333
1862,33,37,52,32,5
1862,35,35,50,35,3.916666667
1863,37,41,25,26,4.666666667
1863,37,39,19,25,4.583333333
1863,33.5,37.5,21.5,28.5,4.958333334
1863,32,33,20,20,4
1863,32,35,22,23,5
1864,33,39.3125,20,27.44444444,4.833333333
1864,31,33,25,28,4.666666667
1864,32,37,27,22,4.083333333
1864,32.5,33,28,21,3.958333334
1864,35,37,32,28,4
1865,33,38,29,22,3.416666667
1865,35,34,24,23,2.583333333
1865,37,33,22,20,4.25
1865,29.5,32,21,20,4.791666667
1865,29,29,20,15,4
1866,42,48,19,22,4.333333333
1866,40,43,19,21,4.363636364
1866,40,44,19,20,4.666666667
1866,36,43,19,20,4.083333333
1866,38,38,25,18,3
1867,37,43,37,34,4.25
1867,41,38.5,29,23.16666667,4.5
1867,42,37,36,20,4
1867,36.5,35.5,32,24.5,4.291666667
1867,31,36,23,23,4
1868,29,34,23,23,3.833333333
1868,32,30,26,25,3.833333333
1868,30,32,23,23,3.727272727
1868,25,30,21,29,3
1868,25,30,24,31,2.666666667
1869,33,41,32,32,3.916666667
1869,33,44,23,32,4.25
1869,32,32,34,30,4.75
1869,28,38,25,31,4
1869,29,38,29,34,3.416666667
1870,40.375,41,25,25,5
1870,41,43,22,24,5
1870,37,38,22,22,4.833333333
1870,37,37,20,27,5
1870,37,33,25,25,5
1871,37,44,29,36,2.083333333
1871,38,40,28,26,3.583333333
1871,37,41,27,30,4
1871,36,37,23,35,3.5
1871,33,39,23,31,5
1872,31,33,51,26,4.666666667
1872,32,37,20,25,3.833333333
1872,35,34,22,24,4.5
1872,34,32,22,22,4.083333333
1872,34,29,21,23,4.75
1873,26,43,43.27777778,30,4.5
1873,31,43.5625,24,27,3.5
1873,33,42,30.61111111,30,4.583333333
1873,34,45,29,30,4.583333333
1873,36,42,32,30,5
1874,37,41,25,27,4.333333333
1874,32,34,22,26,4.75
1874,32,38,24,36,5
1874,30,37,25,33,4.958333334
1874,37,40,34,25,4
1875,36,32,27,32,3.166666667
1875,41,38,32,30,4
1875,38,32,32,29,4
1875,37,33,31,28,4
1875,33,30.8125,25,33.77777778,3.916666667
1876,37,33,19,20,3.818181818
1876,35,40,26,23,4.25
1876,37,37,20,24,4.666666667
1876,36.5,35.5625,19,21,4.666666667
1876,34,34,21,22,4
1877,38,44,26,37,3
1877,41,47,19,29,1
1877,40,41,24,30,4.25
1877,42.5,49.5,19,31.5,4.875
1877,40,41,23,36,3
1878,35,43,27,19,4.583333333
1878,37,43,19,19,4.916666667
1878,34,38,19,21,5
1878,34,36.5,19.5,21.5,5
1878,31,34,18,25,4
1879,33,38,23,22,5
1879,33,37,23.22222222,24,4.916666667
1879,37,36,23,26,5
1879,34,35.5,22.5,26,4.958333334
1879,38,36,30,32,5
1880,41,47,39,27,4.833333333
1880,43,46,49,53.83333333,4.75
1880,44,45,47,26,4
1880,46,42,52,25,4.5
1880,43,44,51,26,5
1881,30,36,24,28,4.666666667
1881,30,34,22,29,3.666666667
1881,30,41,23,30,4.666666667
1881,33.5,40,26,33,3.833333333
1881,33,41,27,18,4
1882,35,40,52,26,3.583333333
1882,36,42,22,24,4.916666667
1882,35,41,22,26,5
1882,37,40,20,28,4.833333333
1882,35,37,22,25,5
1883,33,40,28,26,3.833333333
1883,35,32,29,25,4.166666667
1883,31,33,33,25,3.833333333
1883,30,32,31,27,3.666666667
1883,31,34,30,21,3
1884,25,31,19,25,3.833333333
1884,23,34,19,21,4.166666667
1884,27.5,30.5,22.5,25,3
1884,27,30,24,21,3
1884,26,28,23,23,3.583333333
1885,34,33,38,28,4.5
1885,35,35,32,24,4
1885,32,30,38,29,4.416666667
1885,35,28,29,26,3
1885,35,28,25,24,4.666666667
1886,42,41,25,28,4.666666667
1886,38,40,20,25,3
1886,31,37,21,25,1.833333333
1886,31,36,21,31,4.333333333
1886,34,34,27,27,4
1887,34,36,22.16666667,33,3.375
1887,35,31,23,34,2.666666667
1887,35,30,25,29,3
1887,33,33,23,25,3
1887,37,30,31,30,3
1888,39,45.6875,24,48.55555556,3.583333333
1888,37,42,29,50,3.666666667
1888,35,38,29,52,3.416666667
1888,36,35,31,48,4
1888,33,38,27,31,4.25
1889,32,36,22,23,5
1889,29,35,29,28,3.25
1889,32,36,26,30.61111111,3.583333333
1889,32,32,32,30,4.083333333
1889,29,38,26,27,4.083333333
1890,35,30,25,25,3.5
1890,33,39,21,21,5
1890,36,37,19,24,5
1890,33,36,19,24,4.833333333
1890,35,31,19,26,5
1891,38,39,21,20,5
1891,35,37,22,26,5
1891,27,34,23,30,5
1891,29,35,20,24,5
1891,31,34,20,26,5
1892,31,41,29.55555556,33,1.333333333
1892,32,37,42,36,3.583333333
1892,37,42,42,45.38888889,2.5
1892,35,38.25,36,40,2.666666667
1892,35,38,36,35,2
1893,28.6875,37,19,26,3.166666667
1893,36,39,22,29,4.25
1893,31,33,18,31,4
1893,32,32,23,31,5
1893,30,31,21,39,5
1894,38,41,24,27,4.833333333
1894,37,34,26,30,5
1894,37,40,27,23,4.25
1894,36,40,29,35,4.416666667
1894,34,43,29,36,3.583333333
1895,27,35.0625,25,23,4.5
1895,28,30,20,40,4.083333333
1895,26,34,21,37,5
1895,26,31,23,28,4
1895,23.375,28,21,49,3.916666667
1896,27,29,24,28,4
1896,26.5,29,26,26.5,4.208333333
1896,24,28,31,19,3.25
1896,26,28,30,16,3
1896,26,30,28,19,2.583333333
1897,38,37.1875,23,20,4.833333333
1897,35,35.0625,32,20,4.333333333
1897,31,32,25,21,4.083333333
1897,32.5,32.5,32,20.5,4.125
1897,33,37,32,29,4
1898,38,41.4375,29,24,5
1898,40.5,37.5,24,26.13888889,4.541666667
1898,38,37,23,27,5
1898,37.5,37.5,27,26.5,4.583333334
1898,26,36,11,27,4
1899,37,42,29,24,3.166666667
1899,29,36,29,24,4
1899,38,27,34,21,3
1899,33.96875,36.5,27.5,20,3.193181818
1899,37,30,33,21,3
1900,34,43,25,19,4.666666667
1900,38,40,19,20,4.916666667
1900,38,38,19,22,4.916666667
1900,36.5,38.5,19,19,5
1900,35,40,21,15,6
1901,31,37,26,26,2.666666667
1901,26,37.4,27,27,1.916666667
1901,27,35,28,28,2
1901,25,33,29,25,2
1901,25,37,25,18,2
1902,36,31,28,24,3.75
1902,39,28,20,21,4.25
1902,33,31,23,24,4
1902,26,26,22,22,3.5
1902,29,29,27,25.33333333,3.333333333
2800,36,37,24,19,4.833333333
2800,34,36,25,25,4.909090909
2800,38,39,30,25,4.833333333
2800,33,35,23,26,5
2800,32,37,25,23,4.916666667
2801,33,39,19,21,5
2801,37,39,26,23,4.666666667
2801,33,41,22,24,4.666666667
2801,35,39,22.16666667,23,4.166666667
2801,31,34,19,25,4.5
2802,28,32,40,32,4.666666667
2802,25,30.8125,33,27,1.833333333
2802,23,33,57,30,1.083333333
2802,23.5,30,31.5,23.5,1.5
2802,26,29,32,27,1
2803,37,34,19,21,5
2803,39,31,19,20,5
2803,37,33,20,23,4.916666667
2803,34,32,20,22,4.916666667
2803,37,32,19,20,4.916666667
2804,34,40,20,20,4.833333333
2804,34.53125,39,19,24,4.958333334
2804,34,35,21,23,4.916666667
2804,33,40,21,27,5
2804,36,37,28,20,5
2805,39,39,35,31,2.818181818
2805,36,36,26,34,4.666666667
2805,31,35,27,33,4.583333333
2805,33,36,29,28,3.75
2805,36,34,34,28,5
2806,35,45,44,21,4.75
2806,40,38,21,22,4.75
2806,40,40,21,22,3.833333333
2806,35,38,17,27,5
2806,37,38,24,22,4.666666667
2807,35,39,27,26,4.166666667
2807,33,34,25,24,4.454545455
2807,29,38,21,19,4.5
2807,31,36,22.5,22,4.784090909
2807,29,36,21,26,5
2808,28,34,24,24,3.333333333
2808,28,33,27.5,23.63888889,2.583333334
2808,31,31,26,25,2.583333333
2808,30,29,31,23,3
2808,28,30,28,19,3.416666667
2809,35,39,22,21,5
2809,32,30,18,26,5
2809,32,34,19,33,5
2809,31,34,20,26,5
2809,32,32,22,26,5
2810,31,32,24,26,4.75
2810,27,36,25,28,3.5
2810,34,39,25,26,3.666666667
2810,27,32.5,24.5,27,4.208333334
2810,32,34,30,37,4
2811,40,35,41,25,4.5
2811,36,41,22,32,5
2811,36,38.25,25,25,4.833333333
2811,38,41,25,25,5
2811,44,34,28,24,5
2812,35,35,29,27,4.083333333
2812,36,32,28,33,4
2812,32,37,29,29,4.333333333
2812,33,37,23,27,4.083333333
2812,31,33,27,26,4.166666667
2813,39,37,30,27,4.5
2813,36,35.5,26,23,4.833333334
2813,36.5,37,27,21.5,4.708333334
2813,36,36,30,23,4.416666667
2813,33,41,25,26,5
2814,41,40,33,30,3.272727273
2814,38,37,28,28,3.333333333
2814,40,35,26,26,4.916666667
2814,38,31,28,26,4.125
2814,34,37,24,31,3
2815,34,35,23,24,4.833333333
2815,31,29.75,22,27,5
2815,32,34,24,24,4.833333333
2815,30,37,24,22,4.666666667
2815,30,36,34,22,5
2816,32.9375,36,31,21,4.5
2816,41.28571429,36,19,29,4.833333333
2816,38,37,23,31,5
2816,34,36,19,22,5
2816,34,38,19,19,5
2817,35,32.9375,23,27,2.666666667
2817,32,34,22,27,4.25
2817,27,35,20,24,4
2817,26,36,24,27,3.666666667
2817,20,34,21,28,2.75
2818,28,24,27,21,4.333333333
2818,28,26,28,27,4
2818,28,27,32,26,3.333333333
2818,26,28,30,30,2.333333333
2818,28,28,30,33,3.333333333
2819,39,43,20.05555556,21,5
2819,38,41,19,21,4.75
2819,39.3125,43,19,19,5
2819,37.5,41,19,22,5
2819,37,40,23,23,5
2820,,,,,
2820,,,,,
2820,,,,,
2820,,,,,
2820,,,,,
2821,24,35,21,27,5
2821,23,31,20,29,4.666666667
2821,22.5,30,23.5,28.5,4.708333333
2821,22,28,23,30,3.083333333
2821,20,30,23,26,4.75
2822,34,46,24,29,3.833333333
2822,40,42,24,31,2.25
2822,33,38,26,32,2.833333333
2822,29,42.5,24,32,3.041666667
2822,28,35,21,23,2
2823,33,34,30,34,3.75
2823,31,31,28,35,3.916666667
2823,30,27,24,31,4.666666667
2823,28,26,26,38,4
2823,28,27,28.5,34,3.625
2824,39,40,24,19,4.583333333
2824,37,37,27,24,5
2824,43,36,37,21,5
2824,37,38,27,25,4.916666667
2824,34,36,27,21,4.916666667
2825,36,39,24,19,4.916666667
2825,35,38,19,24,4.833333333
2825,36,38,23,21,4.416666667
2825,37,36,25,22,4.25
2825,32,36,21,27,4.666666667
2826,35,42,29,28,3.833333333
2826,38.5,40.5,26,25,4.208333334
2826,35,41,30,25,4
2826,33,42,21,18,4
2826,36,40,25,27,4.666666667
2827,37,35,26,24,4.166666667
2827,37,35,29,21,4.666666667
2827,41,34,25,23,4.636363636
2827,38.5,37,28.5,24,4.166666667
2827,38,36,30,17,4
2828,32,39,22,27,4.5
2828,38,37,23.22222222,24,4.181818182
2828,40,41,20,26,4.5
2828,39,36,19,29,4.75
2828,36,39,20,32,6
2829,33,35,22,22,4.75
2829,35,40,23,21,4.75
2829,32,39,19,20,4.166666667
2829,36,38,22,21,4.75
2829,32,40,22,21,5
2830,36.125,41,23,25,4.916666667
2830,34,36,23,24,4.75
2830,31,39,21,21,3.833333333
2830,31,35,21,23,3.583333333
2830,29,35,25,20,1.583333333
2831,31,32,24,17,4.75
2831,30,33,20,21,4.75
2831,30,30,20,19,4.333333333
2831,32,29,22,19,4.666666667
2831,32,30,26,23,3.5
2832,29.46666667,38,21,23,4.75
2832,33,41,20,22,4.75
2832,34,38,24.27777778,23,4.75
2832,34,38,21.5,23.5,4.541666667
2832,31,34,20,24,4
2833,28,33,28,24,2.333333333
2833,25,37,19,39,3
2833,30,31,27,44,2.833333333
2833,26,28.33333333,24.27777778,45.82352941,3.833333333
2833,27,33,23,21,3.083333333
2834,25,31,21.11111111,23,4.083333333
2834,26,33,19,31,5
2834,23,27,17,23,4
2834,25,29,21,24,5
2834,20,29,14,30,4
2835,29,38,21,19,4.583333333
2835,36,37,24,25,4.5
2835,33,37.1875,23,25,4.363636364
2835,32,39,24,27,4.5
2835,36,34,22,26,4.833333333
2836,31,36.125,22,21,4.833333333
2836,33,32,24,28,5
2836,34,34,25,25,4.5
2836,32,31,24,26,4.5
2836,29,31,23,25,4.416666667
2837,34,38,24,21,3.416666667
2837,34,37,20,24,4.666666667
2837,31,37,21,21,3.583333333
2837,30.5,32.5,19,22.5,4.25
2837,27,32,16,27,2
2838,41,40,19,19,5
2838,38,33,21,11,6
2838,36,32,19,14,4
2838,40,37,30,13,5
2838,35,32,25,14,5
2839,31,34,22,28,4.5
2839,33,37,19,28,4
2839,33,35.5,19.5,27.5,4.583333333
2839,35,29,23,26,4
2839,33,35,19,25,4.583333333
2840,29,38,19,30,4.166666667
2840,32,38,19,26,3.833333333
2840,33,37,23,31,3.416666667
2840,30,35.5,22,27.5,3.958333334
2840,33,35,27,28,4
2841,38,39.3125,40.92307692,23,4.833333333
2841,43,39,21,21,5
2841,40.375,38,23,21,4.5
2841,42,41,32,17,5
2841,40,38,35,16,3.666666667
2842,40,43,19,23,4.083333333
2842,41,43,20,21,5
2842,41,37,23,19,4.5
2842,34,36,24,19,4.583333333
2842,36,36,20,22,4.75
2843,42,41,25.33333333,29,3.416666667
2843,36,36,17,28,4
2843,34,38,16,29,5
2843,34,36,19,24.5,5
2843,35,39,24,28,5
2844,31.875,39,21,30,5
2844,27,36,21.5,25.5,4.458333333
2844,27,37,21,23,5
2844,28,28,21,25,4.75
2844,26,28,20,27,4.833333333
2845,39,42,25.33333333,26,5
2845,36,42,20,21,5
2845,35,38,19,19,5
2845,28,40,20,21,5
2845,29,38,19,25,5
2846,28,34,26,25,4.166666667
2846,31,31,29,28,4
2846,23,33,25,26,4.583333333
2846,27,32.5,24.5,26.5,3.583333334
2846,27,32,25,28,5
2848,37,42.5,42,25.70588235,3.333333333
2848,41,40,24,24,4.25
2848,36,37,24.27777778,23,3.333333333
2848,38,37,26,26,3.583333333
2848,38,37,28,22,3
2849,33,42,25,28,4.666666667
2849,31,35.5,19,23,4.708333334
2849,28,30.6,20,22.5625,4.583333333
2849,31,30,23,23,4.75
2849,34,37,28,25,4
2850,40.375,47,25,27,4.916666667
2850,42,44,22,21,4.833333333
2850,41,43,25,26,5
2850,44.5,43.5,21.5,22.5,5
2850,38,42,20,20,4
2851,35,40.375,31,22,4.083333333
2851,35.5,39,24.5,23,4.443181818
2851,31,41,17,28,5
2851,36,36,20,20,4.333333333
2851,29,35,22,21,5
2852,37,37,45,21,5
2852,30,36,19,20,5
2852,33,31,19,21,5
2852,33,29,24,22,5
2852,29,34,19,24,5
2853,37,43,24,27,4.666666667
2853,36,39,29,25,4.166666667
2853,35,39,27,26,4.5
2853,32,39,31,28,4.083333333
2853,32,41,30,33,3.75
2854,34,41,21,24,4.416666667
2854,37,39,27,27,4.75
2854,36,39,27,25,4.75
2854,36,38,26,31,4
2854,37,35,26,23,4.166666667
2855,35,42,20,19,5
2855,35,38,21,23,4.916666667
2855,34,38,20,25,4.583333333
2855,37,34,22,26,4.583333333
2855,33,34,22,23,4.5
2856,30,38,22,21,4.166666667
2856,42,32,39,24,4
2856,36,32,35,28,5
2856,37,30,37,24,5
2856,31,30,28,25,5
2857,33,35,21,29,4.583333333
2857,35,40,21,38,4
2857,35,38,19,27,5
2857,28,39,19,25,4.916666667
2857,35,38,19,30,5
2858,29,33,19,30,5
2858,36,33,22,21,4.666666667
2858,29.75,29.75,20,22,4.25
2858,26,32,20,21,5
2858,28.6875,30,20,22,5
2859,27.92857143,38,27,30,2
2859,31,37,26,27,2.833333333
2859,30,37,27,28,2.916666667
2859,26,35,26,27,1.916666667
2859,28,39,24,27,1.833333333
2860,31,38,23,19,4.583333333
2860,39,38,19,19,4.916666667
2860,34,36,23,27,4.916666667
2860,32.5,38.5,28,23,4.541666667
2860,34,32,28,22,4
2861,39,40,19,20,5
2861,34,34.5,19.5,19.5,5
2861,35,32,19,22,5
2861,32,33,19,24,5
2861,31,35,19,22,5
2862,36.125,36,20,27,3.5
2862,36,39,21,26,3.916666667
2862,35,38,22,25,3
2862,34,34,21,24,4
2862,34,34,21,26,4.333333333
2863,36,35,22,27,3.083333333
2863,34,33,21,27,5
2863,29,31,19,20,4.583333333
2863,30.5,33,19,26,4.625
2863,32,34,24,27,5
2864,42,42,23,26,5
2864,48,41,29,23,4.916666667
2864,43,43.91666667,31,30.875,3.916666667
2864,38,39,34,30,4.166666667
2864,36,41.4375,31,24,3.916666667
2865,29,36,19,23,2.75
2865,30,34,24,25.33333333,4.083333333
2865,27,40.8,31,26.38888889,2.333333333
2865,25,37,29,26,2.416666667
2865,26,33,27,27,2
2866,37,46,19,27,5
2866,39,46,23,24,5
2866,38,40,24,26,5
2866,36,40,19.5,25.5,4.833333334
2866,35,38,22,26,5
2867,32.9375,40,25.70588235,27,4.083333333
2867,38,39,31,30,4
2867,33,34,26,25,4.833333333
2867,35,34,29,29.55555556,4.083333333
2867,33,35,30,29,4.583333333
2868,34,38,27,31,3.916666667
2868,33,36,21,25,5
2868,32,35,25,28,4.75
2868,33,37,21,40,5
2868,28.6875,31,19,21,5
2869,32,41,28,28,4.666666667
2869,31,38,39,32,3.916666667
2869,32,39,38,36,3
2869,34,37,29,33,3.416666667
2869,26,38,31.66666667,29,1.583333333
2870,28,31,28,23,4
2870,28,32,26,24,4.916666667
2870,25,30,20,25,5
2870,27,29,25,23,4.666666667
2870,24,29,27,21,4.916666667
2871,27,32,21,23,4.666666667
2871,26,30,19,19,4.833333333
2871,27,28,19,19,4.666666667
2871,26.5,28.5,19,22.5,4.5
2871,24,26,15,26,4
2872,30,34,20,22,4.75
2872,31,38,19,20,5
2872,33,37,21,22,4.916666667
2872,30,31,19,22,5
2872,35,32,20,25,5
2873,30,29,20,31,5
2873,31,33,22,23,5
2873,34,35,24,33,5
2873,31,32,21,29,5
2873,35,32,19,29,5
2874,35,39.3125,21,20,4.5
2874,35,39,26,22,4.363636364
2874,31,41,23,20,3.416666667
2874,35,41,28,23,3.666666667
2874,30,37,23,21,3
2875,29,27.625,23,19,3.416666667
2875,28,31,21,17,4
2875,28,28,21,19,3.583333333
2875,27,27,25,19,2.833333333
2875,27,26,28,20,2.25
2876,45,43,36.88235294,26,4.916666667
2876,39.71875,39.1875,19,22,5
2876,42,39,19,22,4.916666667
2876,40,38,19,23,5
2876,33,35,14,28,4
2877,28,32,19,28,5
2877,31,34,20,24,4.916666667
2877,32,38,19,24,5
2877,32,34,19,23,5
2877,31,35,20,26,4.583333333
2878,28,29,27,19,5
2878,38,35,28,25,4
2878,37,31,24,20,4.666666667
2878,29,30,21,20,4.583333333
2878,30,32,21,19,4.916666667
2879,32,36,22,23,2.75
2879,29,32.9375,26,27.94117647,4.545454546
2879,31,34,32,28,3.75
2879,25,40,28,28,3.333333333
2879,26,32,26,23,3
2880,37,42,28,24.27777778,4.5
2880,33,38,25,15,4
2880,36,40,33,23,4.75
2880,32,37,27,26,4
2880,31,38,29,24,4
2881,30,30,51,22.16666667,4.666666667
2881,33,30,28,24,5
2881,32,32,26,23,4.583333333
2881,28,30,22,24,4.416666667
2881,30,32,25,23,4.333333333
2882,39,38,22,28,4.916666667
2882,37,39,22,27,5
2882,38.1875,35.5625,22.5,27,4.708333334
2882,38,32,25,25,5
2882,36,33,21,25,4.833333333
2883,34,37,24,28,4.833333333
2883,34,34,24,23,5
2883,34,38,28,27,4.666666667
2883,35,35,26,26,4.916666667
2883,33,35,25,25,4.416666667
2884,32,36,23,25,4.75
2884,29,34,26,25,5
2884,27,32,30,22,4.25
2884,27,28,26,22.5,3.666666667
2884,28,31,26,19,4
2885,36,37,25,20,5
2885,37,34,22,25,5
2885,35,31,19,19,5
2885,30,27,19,19,5
2885,30,28,19,20,5
2886,35,37,22,19,4.666666667
2886,34,34,19,20,3.416666667
2886,30,31,19,19,4.166666667
2886,33,33,19,19,4.333333333
2886,30,30,19,19,4.25
2887,37,43,55,21,5
2887,41,38,24,19,5
2887,40,39,19,21,5
2887,36,38,19,19.5,5
2887,37,39,23,17,5
2888,35,43,27,30,4.916666667
2888,37,40,22,31,4.916666667
2888,36,40,25,28,4.833333333
2888,42,42,26,25,4.416666667
2888,37,42,25,24,4.083333333
2889,32,41,21,22,4.666666667
2889,36,38,25,23,4.75
2889,35,39,25,29,4.666666667
2889,31,37,24.5,25,4.5
2889,32,37,25,34,5
2890,38,44,19,26,3.916666667
2890,35,43,18,29,5
2890,38,43,22,23,4.5
2890,33,39,20,20,4.166666667
2890,35,37,19,22,4.916666667
2891,37,40,28,27,3
2891,37,36,24,26,4.166666667
2891,37,38,27,28,3.5
2891,36,34,34,27,2.666666667
2891,33,36,25,26,2.916666667
2892,34,34,21,19,4.25
2892,32,38,33,25,3
2892,34,34,57,22,2.833333333
2892,34,35,22,21,3.416666667
2892,34,34,21,19,2.916666667
2893,31,34,21,26,4.75
2893,31,35,23,25,4.666666667
2893,22,29,21,26,4.416666667
2893,27,27,30,23,3.75
2893,31,31,25,23,5
2894,34,37,19,21,5
2894,36,40,19,21,5
2894,35,37,22,18,4
2894,33,37,28,21,5
2894,29,35,19,21,5
2895,35.0625,45,20.1875,20,3.363636364
2895,36,42,19,20,4.916666667
2895,36,43,21,26,5
2895,34,45,21,19,4.75
2895,33,42,19,20,5
2896,35,43,21,19,5
2896,32,38,20,19,5
2896,31,38,22,20,4.833333333
2896,27,35.13333333,20,22,4.75
2896,32,35,19,19,5
2897,32,32.9375,27,30,3.083333333
2897,29.5,31.5,23,25.5,3.333333334
2897,27,27,22,21,3.666666667
2897,27.5,29,25,22,2.416666667
2897,35,27,35,17,4
2898,38,37,45,21,4.75
2898,29,36,51,22,2.666666667
2898,28,34,50,20,4.833333333
2898,33,35,51,22,3.75
2898,29,34,21,26,4.166666667
2899,32,41,27,26,3.583333333
2899,35,36,21,25,4
2899,33,39,23,27,4.416666667
2899,32,35,22,27,3.666666667
2899,33,35,23,25,3.833333333
2900,35,38,23,26,4.583333333
2900,35,36,22.5,19.5,5
2900,32,37,26,23,5
2900,36,37,26,23,4.666666667
2900,33,35,24,28,5
2901,30,32.69230769,23,27.14285714,4.083333333
2901,30,31.5,22.5,26,4.5
2901,26,31,20,27,4
2901,26,28,19,20,4.416666667
2901,24,27,21,21,4.333333333
2902,30,38,23,24,4.166666667
2902,35,44,25,26,4.25
2902,34,35,20,27,4.5
2902,35,39.5,21,22.5,4.666666667
2902,29,29,17,25,5
2903,36,42,25,21,4.333333333
2903,35,39,27,22,2.25
2903,36,38,20,22,4.666666667
2903,34.5,41,21.5,21,4.916666667
2903,35,38,26,23,5
2904,44,35,19,26,4.916666667
2904,37,43,16,36,5
2904,38.25,37,19,24,5
2904,39,36,22,20,5
2904,35,35,19,21,5
2905,32,39,24,27,4.5
2905,31.5,34,29.5,29.77777778,4.375
2905,29,39,23,32,3.833333333
2905,30,37,23,33,1.416666667
2905,29,39,24,33,3
2906,31,40,26,29,3.916666667
2906,31,39,28,25,3.666666667
2906,31,39,23,23,4
2906,29,35,24,26,3.166666667
2906,26,43,23,25,2.333333333
2907,35,41.4375,19,21,5
2907,28.6875,40,20,28,4.75
2907,37.1875,40,19,24,5
2907,33,37,19,26,4.333333333
2907,31,38,19,33,4.666666667
2908,31,30,21,23,3
2908,31,29.46666667,20,24.58823529,4.75
2908,29.75,27.03333334,26.5,22.67647059,3.791666667
2908,29,29,28,23,4.083333333
2908,25,23,20,19,5
2909,37,40,22,23,2.583333333
2909,34,38,22,23,5
2909,32,38,19,24,4.333333333
2909,35,38,19,24,5
2909,32,38,19,25,5
2910,32,49,34.83333333,25,3.833333333
2910,37,44,21,20,5
2910,36,41,19,21,4.916666667
2910,36,44,22,21,5
2910,36,40,20,24,5
2911,38.25,43,19,20,5
2911,39,40,17,22,5
2911,40,41,19,25,5
2911,38,41,15,26,5
2911,41,42,19,25,5
2912,33,35.21428571,25,20.1875,4.833333333
2912,33,35,21,19,4
2912,32,32,20,19,4.166666667
2912,36,33,21,19,4
2912,36,35,26,21,3
2913,35,33,25,21,5
2913,33,32.9375,20,23.22222222,5
2913,30,36,23,22,5
2913,33,33,19,21,5
2913,30,31.875,22,23.22222222,5
2914,24,31,24,22,4.166666667
2914,26,31,22,22,4.25
2914,26,29,23,22,4
2914,26,29.14285714,20,20.35714286,4.416666667
2914,26,27,21,16,4
2915,38,41,23,20,4.166666667
2915,40,42,20,19,4.833333334
2915,38,43.5625,21,23,4.833333333
2915,35,36,21,19,4.916666667
2915,32,40,19,23,5
2916,35.0625,36,20,24,4.916666667
2916,41.4375,37,21,22.5,4.916666667
2916,38,38,32,21,4.583333333
2916,41,35.5,21,24.66666667,5
2916,38,36,23,31,5
2917,31,31,20,24.27777778,4.583333333
2917,33.5,29,26.5,35,4.5
2917,34,32,22,19,4.25
2917,31,33,56,20,4.583333333
2917,30,33,39,19,5
2918,32,45,29,37,3.166666667
2918,34,43,21,32,3.5
2918,28.5,35.5,23.61111111,31,4.340909091
2918,29,34.5,26.5,29,5
2918,30,37,25,28,4
2919,35.13333333,36,51.41176471,28,4.166666667
2919,37,36,22.16666667,23,4.666666667
2919,36,34,23,20,4
2919,35,34.5,24.13888889,25,4.416666667
2919,32,33,22,17,4
2920,35,33,32,27,4.666666667
2920,35,36,27,21,4.166666667
2920,31,36,23,22,4
2920,32,35,27,22,3.916666667
2920,33,33,26,21,4.333333333
2921,39.66666667,42,28,24,4.5
2921,41,43,25,23,4
2921,45,43,21,25,5
2921,46,40,43,22,4
2921,37,39,42,31,1.75
3800,22,41,36,35,2
3800,40,40,19,19,4.25
3800,37,41,29,48.55555556,2.583333333
3800,45,39.3125,33,50,1.833333333
3800,33,40,25,51,2.416666667
3801,36,34,26,26,3.5
3801,33,35,24,49,3.5
3801,36,32,27,25,2.5
3801,36,26,30,28,3
3801,31,29,25,19,2.916666667
3802,30.8125,41,21,28,5
3802,34,35,23,38,4.583333333
3802,34,29,21,31,4.833333333
3802,35,31,29,33,4.5
3802,31,35,29,31,4.333333333
3803,36,38,21,19,4.583333333
3803,38,37,19,21,4.416666667
3803,32,35,13,15,5
3803,35,35,19,19,4.708333334
3803,30,32,15,13,4
3804,39,39,46,22,4.583333333
3804,37,34,25,20,4.666666667
3804,37,33,20,21,4.166666667
3804,33,28,21,26,4
3804,35,34,27,20,4.333333333
3805,36,27,30,22,4.083333333
3805,32,29,24.27777778,23,4.333333333
3805,31,28,26,22,4.416666667
3805,28,28,27,21,4.916666667
3805,27,30,24,21,4.833333333
3806,37,40,19,23,5
3806,40,39,23,24,4.833333333
3806,41,41,22,19,4
3806,42,39,23,21,4.916666667
3806,44,38,20,24,4.25
3807,45,43,21,29,4.75
3807,48,46,22,22,4.333333333
3807,42,43,19,19,4.916666667
3807,37,39,16,12,4
3807,42,34,27,20,4
3809,30.8125,33,22,20,4.083333333
3809,33,33,22,19,4.25
3809,31,31,19,20,4
3809,32,34.5,19,19,4.708333334
3809,32,29,23,19,4
3810,35,38,19,20,5
3810,38,33,20,20,5
3810,34,34,20,19,5
3810,33,35,19,19,5
3810,33,33,21,31,5
3811,27,31,36,20,2.333333333
3811,27,27,33,22,4.416666667
3811,27,29,31,23,4.166666667
3811,26,26,27,22,4.583333333
3811,21,29,18,27,4
3812,34,38,30,23,5
3812,35,34,32,21,5
3812,33,35,22,23,4.916666667
3812,28,37,21,25,5
3812,38,34,36,24,4.333333333
3813,25,34,26,21,4.916666667
3813,29,37,28,24,5
3813,31,34,34,26,4
3813,32,38,36,25,4
3813,28,33,32,30,4.833333333
3814,26,47,29,26,5
3814,30,40,20,19,4.333333333
3814,38,42,19,22,5
3814,38,37,26,20,4
3814,34,40,19,25,5
3815,27,33,25,42,4.333333333
3815,31,36,28,32,4.25
3815,27,36,25,41,3.833333333
3815,26,34,25,33,4
3815,27,33,25,24,4.083333333
3818,41,38.25,38,23,1.5
3818,39,36,21,22,4.666666667
3818,45,38,23,22,4.666666667
3818,40,44,31,30,4.5
3818,39,41,31,28,4.75
3819,35,39,22,33,4.833333333
3819,38,37,40,42,4.916666667
3819,32,37,26,35,5
3819,32,37,25,32,4.916666667
3819,34,41,21,33,4.916666667
3822,33,34,23,26,5
3822,37,35,21,26,4.916666667
3822,37,36,19,24,4.916666667
3822,34,34.5,21,28,4.5
3822,35,38,24,31,5
3823,28.6875,35,19,28,3.666666667
3823,31,36,24,28,4
3823,27.2,35,24,23,4.333333333
3823,28.33333333,33,21.23529412,25,3.416666667
3823,27.2,34.5,21,24,3.5
3824,29,37,34,19,5
3824,37,37,35,21,5
3824,32,35,30,24,5
3824,31,35,30,20,4
3824,34,34,35,20,5
3826,33,36,23,23,4.75
3826,34,34,22,30,4.583333333
3826,34,32,26,28.5,4.5
3826,31,33,28,30,4.75
3826,33,30,29,32,5
3827,36,39,47,28,4.833333333
3827,37,38,29,20,6
3827,39,36,34,22,6
3827,39,30,35,19,5
3827,35,33,29,29,5
3831,33,35,23,31,4.666666667
3831,35,38,19,24,5
3831,35,35,21,22,5
3831,36,37,21,20,5
3831,33,37,20,20,5
3832,38,44,25,23,3.083333333
3832,38,39,25,19,4
3832,38,42,28,26,4
3832,36,42,26,24,4
3832,37,44,29,32,4
3833,28,29,25,24,2.833333333
3833,25,26,22,24,3.666666667
3833,29,28,19,22,3.333333333
3833,26,30,20,24,3.25
3833,24,32,19,18,3.5
3834,39,42,48,37,3.416666667
3834,33,42,22,38,3.5
3834,33,35,31,28,3.166666667
3834,32,32,27,30,3.5
3834,30,36,22,36,3
3835,24,30,20,23,3.416666667
3835,28,31,21,30,2.833333333
3835,26,29,28,27,2.666666667
3835,26,29,25,29,2.916666667
3835,28,27,24,26,2.666666667
3836,32,35,22,25.70588235,4.916666667
3836,31,37,21,36,5
3836,26,34,14,28,4
3836,28,33,21,31,3
3836,26,32,19,32,4
3837,40.375,39,23.22222222,24,4.7
3837,36,39,27,25,4.727272727
3837,34,39,22,23,4.666666667
3837,35,36,23,26.5,4.791666667
3837,37,37,29,18,6
3838,31,32,19,22,4.916666667
3838,31,33,19,20,5
3838,29,36,19,21,4.833333333
3838,28,31,19,19.5,5
3838,26,33,16,21,4
3839,28,38,28,28,4
3839,31,36,26,31,5
3839,32,33,29,29,4
3839,34,30,32,30,4
3839,35,36,34,26,4
3841,32,38,53,28,5
3841,29,36,19,33,3.666666667
3841,29,37,20,37,5
3841,29,34,21,35,5
3841,32,35,26,37,5
3842,34,28,24,32,4.666666667
3842,33,28,28,28,4.416666667
3842,31,24,23,24,4.583333333
3842,31,26,22,28,4.708333333
3842,25,29,16,25,5
3843,36,34,22,22,3.583333333
3843,35,35,20,21,5
3843,34,31,21,19,4
3843,32,29,20,19,5
3843,33,29,22,19,4
3844,32,38,19,23,5
3844,34,34,57,26,5
3844,34,32,55,27,5
3844,33,32,51,32,5
3844,32,33,46,30,4
3846,27,38.53333333,19,31.66666667,3.166666667
3846,26,35,21,27,4.75
3846,31,35,33,30,3
3846,30,34,19,29,4
3846,28,28,23,28,4
3847,32,36,23,22,5
3847,36,39,22,22,4.916666667
3847,30,35,24,24,5
3847,30,36,24,23,5
3847,30,35,27,27,4.083333333
3848,31,38,22,23,4.583333333
3848,31,37,21,26,4.583333333
3848,28,37,25,28,4.75
3848,32,33,31,28,4
3848,26,38,25,22,5
3849,28,37,22,28,5
3849,27,41,22,28,5
3849,28,36,23,26,4
3849,29,34,28,29,5
3849,30,37,27,29,5
3850,38,40,21,23,5
3850,33,33,17,26,6
3850,32,34,19,22,5
3850,32,35,19,22,5
3850,38,34,19,22,5
3852,37,36,25.70588235,33,4.5
3852,40,35,23,29,4.083333333
3852,36,36,25,33,4.833333333
3852,35,36,27,45,5
3852,35,39,32,29,4.916666667
3853,32,30,28,25,4.666666667
3853,36,33,27,26,5
3853,35,33,25,32,4.916666667
3853,32,36,30,33,5
3853,25,31.875,26,42.22222222,4.333333333
3855,35,49,46.44444444,24,2.666666667
3855,42,43,22,26,3.666666667
3855,38,45,21,17,5
3855,40,42,28,22,5
3855,39,45,29,18,5
3856,37,41,30,29,2.666666667
3856,34,44,30,21,4.083333333
3856,38,44,31,32,4.75
3856,37,42,41,28,4.75
3856,38,41,39,37,4
3858,33,34,29,27,5
3858,37,31,30,26,5
3858,35,35,30,24,4
3858,33,36,29,30,4.75
3858,30,31,22,22,5
3859,30,37,42,32,4
3859,31,34,23,29,4
3859,34,38,25,33,3.5
3859,31,29,27,33,3.333333333
3859,34,36,30,28,3
3860,33,40,23,26,4.833333333
3860,33,36.26666667,25,31.29411765,4.5
3860,32,34,25,32,5
3860,32,31,26,28,6
3860,34,38,29,32,6
3861,31,34,21,28.5,5
3861,35,36,23,26,3.833333333
3861,31,37,25,24,2.916666667
3861,32,39,27,26,3
3861,30,39,27,30,2.916666667
3862,33,31,34,28,4.5
3862,32,36,21,26,5
3862,27,33,27,26,4.666666667
3862,27,35,23,27,4
3862,29,29,26,26,4.5
3864,38.25,40,24.58823529,29,4.083333333
3864,33,31,24,26,4.5
3864,32,35,24,31.66666667,4.583333333
3864,32,37,29,35,3.666666667
3864,34,37,31,37,4
3865,30,35,22,25,4.333333333
3865,34,33,22,26,4.333333333
3865,30,32,26,28,4.916666667
3865,28,32,27,28,4.083333333
3865,30,35,26,31,4
3866,33,32,43,24,4.416666667
3866,31,36,20,22,4.416666667
3866,34,34,19,24,5
3866,36,35,19,21,5
3866,34,31,19,19,4.666666667
3867,34,35,27,21,4.083333333
3867,33,36,20,25,4.833333333
3867,33,35,19,20,5
3867,34,38,19,25,5
3867,30,41,17,27,5
3869,33,36,43,49.61111111,4.166666667
3869,33,36,26,50,4.166666667
3869,35,35,27,26,4.25
3869,30,34.5,26,52.5,2.875
3869,24,34,15,43,3
3870,28,39,54,30,3.083333333
3870,29,33,22,24,4.166666667
3870,28,34,26,27,3.833333333
3870,29.5,26,23,23,4.083333334
3870,29,28,23,23,4
3871,36,39.3125,30,23,3.25
3871,35,37,21.11111111,23.22222222,1.916666667
3871,37,39,27,22,3.75
3871,37,39,19,27,2.909090909
3871,33,34,18,24,3
3872,32,33,21,21,5
3872,32,34,19,22,4.916666667
3872,32,32,24,24,3.5
3872,28,29,25,27,2.083333333
3872,23,35,22,25,2.5
3873,21.85714286,27.625,26,22.16666667,2.083333333
3873,25,27,19,19,2.75
3873,22,24,19,19,3
3873,21,22.5,19,19,1.958333333
3873,24,21,21,24,3
3874,37,38,43,52,4.916666667
3874,38,39,23,54,4.416666667
3874,34,38,24,52,4.583333333
3874,35,39,26,42,4.666666667
3874,32,39,22,46,4
3875,31,39,31,32,4.5
3875,40,38,37,28,4
3875,38,34,37,30,4
3875,39,40,39,28,3
3875,35,35,33,30,3
3876,37.1875,42,20,22,5
3876,42,36,31,29,4
3876,36,41,26,23,3
3876,37,39,31,25,3
3876,36,42,31,20,3
3877,36,45,29,22,4
3877,50,44,22,24,4.5
3877,46,41,19,26,4.666666667
3877,35,36,19,25,5
3877,34,41,18,22,5
3878,26,32,26,34,3.916666667
3878,30,30,33,33,3.083333333
3878,27,30,32,38,3
3878,30,33,38,34,3
3878,27,31,34,28,1.5
3879,38,40,27,33,4
3879,38,38,31,31,3.666666667
3879,34,41,27,26,2
3879,32,38.5,22.5,27,2.25
3879,33,34,26,25,2
3880,40,42,40,43,2.833333333
3880,37,37,24,34,4
3880,41,36,32,42,4
3880,42,34,33,31,3
3880,38,36,29,26,4
3881,33,32,26,23,4.75
3881,30,33,24,19,4.166666667
3881,29,29,27,21,4.5
3881,29,29,26,22,4.666666667
3881,33,31,31,24,4
3882,36,34,40,34,1.666666667
3882,38,33,47,38,2
3882,33,33,41,31,1
3882,31,34,37,33,1.583333333
3882,36,31,44,32,2
3883,33,38,36,30,4.916666667
3883,32,38,21,28,4.916666667
3883,32,41,21,33,6
3883,34,45,23,32,5
3883,29,38,20,35,4.75
3884,34,37,22.5625,32,4.916666667
3884,34,37,20,41,5
3884,35,41,20,35,4.666666667
3884,34,37,27,45,4
3884,37,38,31,33,3
3886,35,37,45,26,4.166666667
3886,37,37,23,25,5
3886,36,40,19,22,4.166666667
3886,36,35,25,26,4
3886,37,40,29,23,5
3887,29,38,25,29,4.583333333
3887,36,37,26,27,4.5
3887,33,41,25,29,3.583333333
3887,26,32,23,25,4.583333333
3887,26,36,20,20,5
3888,34,35,19,56,4.363636364
3888,34,40,22,55,2.75
3888,32,33,29,20,2.333333333
3888,32,39,19,19,2.416666667
3888,28,34,19,19,2.583333333
3889,28,34,23,29,4.416666667
3889,34,27,23,22.16666667,4.333333333
3889,29.46666667,29,24,27,3.833333333
3889,28,33,34,37,4.833333333
3889,27,31,23,23,5
3890,27.625,36,20,19,4.083333333
3890,32,33,19,21,3.25
3890,36,29,29,27,4
3890,35,31,30,30,4
3890,30,33,28,21,2.5
3891,30,33,22,26,4.416666667
3891,37,35,23,26,4.75
3891,34,34,22,26,4.75
3891,32,32,23,25,4.416666667
3891,34,34,27,27,4
3892,41,39,39,27,2.916666667
3892,42,35,24,23,3
3892,41.4375,40,23,23,4.666666667
3892,40,39,24,25,4.5
3892,38,35,25,25,5
3894,31,35,19,22,5
3894,33,37,21,23,3
3894,34,33,22,25,1.833333333
3894,29,36,16,19,1
3894,28,35,17,21,3
3895,29,38,37,33,5
3895,33,37,22,30,5
3895,35,41,19,23,4.75
3895,34,37,19,25,5
3895,34,40,19,27,1.916666667
3896,36,32,22,22,4.916666667
3896,31,33,26,19,4
3896,35,32,48,22,4.666666667
3896,35,33,21,26,4.25
3896,32,32,22,24,3
3897,38,40,34,25,4.333333333
3897,43,36,24,25,3.416666667
3897,43,38,28,23,4.333333333
3897,40,40,23,26,4.5
3897,39,37,26,26,4
3898,33,38,26,25,4.833333333
3898,31,37,25,23,4.833333333
3898,31,32,26,32,5
3898,32,34,29,31,4
3898,33,33,29,31,3
3899,28,39,26,30,2.416666667
3899,30,39,36,29,3
3899,26,35,29,28,1.416666667
3899,28,32,28,38,1.916666667
3899,25,31,22,27,1.636363636
4800,31,37,19,23,4.666666667
4800,31,33,21,24,5
4800,34,34,25,22,4.416666667
4800,37,31,24,23,4.833333333
4800,35,32,24,24,5
4801,37,34,25,29,4.333333333
4801,31,31,26,27,4.25
4801,31,31,25,22,3
4801,31,33,26,27,3
4801,29,29,24,32,4
4802,32,38,33,39,2.583333333
4802,31,34,25.70588235,31,3.583333333
4802,33,32,29,36,3.75
4802,30,39,28,31,3
4802,30,39,30,22,2.75
4803,39,35,29,19,3.666666667
4803,39,35.0625,27,25,3.916666667
4803,38,34,26,22,4.833333333
4803,33,33,23,20,5
4803,32,32,25,21,3.666666667
4804,33,42,19,21,5
4804,35,40,19,21,5
4804,36,39,20,17,5
4804,36,34,19,19,5
4804,37,46,19,19,5
4805,26,33,22,24,2.666666667
4805,25.5,28,22,22,3.25
4805,21,32,19,26,4
4805,19,28,20,22,4.583333333
4805,22,37,21,19,5
4806,25,39,21,29,4.916666667
4806,27,40,19,28,5
4806,33,39,24,26,4
4806,33,41,25,26,5
4806,36,37,19,29,3
4807,35,41,27,27,4.5
4807,38,39,24,30,4
4807,39,38,28,32,4.333333333
4807,35,36,40,38,3.166666667
4807,34,39,26,35,4.083333333
4808,31,37,40,24.27777778,3
4808,36,39,26,27,4.416666667
4808,27,37,29,28,4.5
4808,28,37,29,24,4.083333333
4808,31,35,31,27,4
4809,40,41,50,26.38888889,4.666666667
4809,36,39,19,26,4.272727273
4809,41,35,22,24,5
4809,41,37,19,25,4.666666667
4809,35,34,19,23,5
4810,33,34,26,19,5
4810,30,31,19,19,5
4810,30,33,22,18,5
4810,27,32.9375,20,21,4.666666667
4810,28,33,19,19,4.916666667
4811,24,26,25,20,1.083333333
4811,22,27,20,20,1.166666667
4811,21,24,18,21,2
4811,23,24,21,22,2
4811,24,25,21,25,1.083333333
4813,28,35,29,23,4.25
4813,31,34,24,30,3
4813,30,33,22,25.33333333,4.545454546
4813,29,27,23,26,4.833333333
4813,30,34,25,28,5
4814,26,32,27,23,2.25
4814,27,33,23,26,4
4814,30,33,32,25,2.416666667
4814,25,31,19,28,1.916666667
4814,29,27,21,24,2.916666667
4815,32,37,23,26,4.5
4815,32,36,24,21,4.833333333
4815,28,34,19,28,5
4815,31,31,27,25,4
4815,33,32,30,28,4.666666667
4816,36.125,37,21.11111111,25,4.833333333
4816,37,35,19,22,5
4816,37,33,25,22,5
4816,33,34,22,27,4.916666667
4816,29,34,20,21,4.545454546
4817,33,38,49,55,3
4817,39,40,36,43,3
4817,42,39,43,39,3
4817,44,33,44,40,4
4817,39,36,37,38,4
4818,36,38,28,20,4.25
4818,38,35,27,20,4.25
4818,36,36,27,19,4
4818,37,41,31,19,4
4818,34,34,29,20,3.166666667
4819,37,43,30,22,5
4819,35.0625,35,27,28,4.916666667
4819,36,39,26,23,4.5
4819,36,43,26,18,4
4819,35,37,24,20,4.75
4820,27,35,24,30,1.75
4820,25,30,19,28,4
4820,30,31,26,30,4
4820,28,31,21,30,4
4820,34,30,30,26,4
4821,30,28,23,26,4.166666667
4821,28,31,23,28,4
4821,27,27,20,32,4.416666667
4821,33,31,32,34,4
4821,29,31,27,28,3
4822,33,47,47,29,5
4822,32,43,20,29,4.909090909
4822,31,40,17,35,5
4822,33,41,19,23,5
4822,34,39,19,21,5
4823,39,39,41,27,4.5
4823,33,40,25,26,4.916666667
4823,39,38,22,28,4.666666667
4823,34,39,23,27,4.833333333
4823,32,34,22,26,5
4824,33,34,29,23,4.25
4824,36,31,23,23,4.5
4824,33,33,21,23,4.333333333
4824,32,33,20,21,4.5
4824,28,32,17,21,5
4825,32,33,23,23,4.833333333
4825,38,30.8125,19,21,4.5
4825,25,28,19,24,5
4825,23,27,19,24,5
4825,27,28,23,28,5
4826,32,39,22,28,4.5
4826,35,37,24,50,3.333333333
4826,36,38,28,48,4.5
4826,34,40,24,43,4.583333333
4826,35,38,27,35,4
4827,31,30,27,34,4.666666667
4827,30.5,32.5,24.5,27,4.333333333
4827,27,28.6875,24,27,2.75
4827,25,25,21,28,4
4827,24,29,21,26,1.333333333
4828,32,41,40,24,4
4828,35,36,40,22,3.333333333
4828,35,36,37,19,4.5
4828,47,38,45,30,3.666666667
4828,40,33,38,27,3
4829,34,34,20,26,4.833333333
4829,34,30,22,25,4.916666667
4829,32,31,22,24,4.833333333
4829,34,29,20,24,4.9
4829,32,30,20,23,4.833333333
4830,38,39,24,22,4.416666667
4830,36,36,21,11,5
4830,38,37,24,25,4.666666667
4830,32,36,19,23,5
4830,31,38,22,26,4.666666667
4831,39,39,20,24,3.416666667
4831,40,36,19.5,21,4.583333334
4831,38,34,19,25,4.666666667
4831,37,31,19,24,5
4831,36,34,19,22,5
4832,33,35,29,24.27777778,4
4832,32,31,23,24,4.666666667
4832,27,36,15,31,3
4832,31,32,23,24,3.666666667
4832,32,34,22,25,4.166666667
4833,34,34,25,25,4.833333333
4833,32,32,20,27,5
4833,32,31.875,19,25,5
4833,31,33,19,23,5
4833,34,29,19,30,5
4834,31,34,21,26,4.75
4834,32,31,23,30,4.916666667
4834,36,31,20,23,5
4834,30,31,19,19,5
4834,33,32,25,23,6
4835,31,44,23,28,5
4835,34,35,23,26,5
4835,28,36,23,23,5
4835,31,34,23,24,5
4835,29,35,22,25,5
4836,31,35,27,23,4.75
4836,34,33,27,30,4.583333333
4836,30,31,29,29,4.666666667
4836,32.5,28,30.5,24.5,4.583333334
4836,34,34,33,31,6
4837,25,29,28,23,2.333333333
4837,23,31,19,18,3
4837,25,28,21,23,3
4837,28,27,28,21,2.583333333
4837,29,25,27,17,3
4839,40,42,19,24,5
4839,35,36,23,25,4.833333333
4839,34,33,20,22,5
4839,34.5,32,19.5,24,4.625
4839,29,34,15,26,6
4840,34,35.13333333,32.72222222,29.05882353,3.416666667
4840,34,32,30,26,2.833333333
4840,36,31,23,24,3.333333333
4840,32,35,24,20,3
4840,31.875,30,23,23,3.083333333
4841,29,35,22,23,4.833333333
4841,34.5,32,19.5,23.5,4.916666667
4841,33,35,20,21,5
4841,33.5,31,23,21,4.875
4841,34,34,25,25,5
4842,24.93333333,38,25,21,3.4
4842,36,42,28,22,4.333333333
4842,39,34,19,23,5
4842,43.5,38,37.5,24.5,4.583333334
4842,42,35,37,19,4
4843,39,43,32,25,4.166666667
4843,40,39,20,21,3.181818182
4843,47,42,21,23,4.25
4843,43,37,19,21,4.583333333
4843,33,44,9,27,4
4844,39,42,21,27,4.833333333
4844,42,41,24,23,4.75
4844,37,40,22,23,4
4844,36,42,24,27,4.416666667
4844,32,39.3125,25,27,4.583333333
4847,33,38,48,22,3.916666667
4847,37,34,23,24,6
4847,38,36.5,19,19,4.916666667
4847,33,34,25,27,3.833333333
4847,33,31,19,20,4.416666667
4848,43.71428571,45,46.94117647,25,4.8
4848,35,39,23,24,3.416666667
4848,40,39,21,20,3.916666667
4848,38,38,19,19,4.083333333
4848,39,38.25,19,19,4
4849,39,42,22,25,4.083333333
4849,41,44,26,24,4
4849,38,44.625,23,27,5
4849,39,45,29,24,5
4849,40,39,32,33,5
4850,35,41,25,30,5
4850,39,38,25,26,4.75
4850,42,41,34,29,4
4850,35,36.59375,25,29.5,4.5
4850,35,37,25,29,5
4851,33,42,23,32,5
4851,34,40,19,28,5
4851,36,36,23,31,5
4851,36,34,20,28,5
4851,33,37,19,32,5
4852,29,40,20,27,3.5
4852,33,35,22,24,4
4852,34,30,23,28,3.666666667
4852,36,35,26,36,3
4852,36,35,23,32,4.416666667
4853,27,29,23,23,3.666666667
4853,30,31,21,20,4.333333333
4853,26,25,20,22,2.5
4853,24,23,21,19,2.833333333
4853,28,21,26,25,3
4854,31,41,27,28,4.083333333
4854,35,42,27,29,4.083333333
4854,38,42,26,30,4.083333333
4854,33,40,27,29,3.75
4854,36,43,30,29,3
4855,34,37,19,23,4.166666667
4855,39,36,23,22,4.583333333
4855,36,32,19,22,5
4855,33,30,19,22,4.909090909
4855,28,34,14,22,6
4856,33,39,26,26,3.416666667
4856,35,41,24,27,4.666666667
4856,32,40,23,26,4.333333333
4856,36,38,25,28,4.25
4856,35,40,28,21,5
4858,32,35,26,26,3.916666667
4858,31,36,26,29,4.25
4858,33,38,28,23,3.666666667
4858,31,35,26,29,3
4858,31,27,26,26,3.5
4859,29,35,31,22,3.666666667
4859,28,37,23,18,4
4859,31,35,27,22,4.833333333
4859,29,30,29,20,4.416666667
4859,25,32,21,20,5
4860,34,38,23,20,5
4860,33,35,24,20,5
4860,34,36,23,24,5
4860,36,36,28,24,4.833333333
4860,35,35,24,23,4.75
4861,42,39,21,21,4.75
4861,39,35,21,22,4.833333333
4861,36,34,19,21,4.833333333
4861,38,34,20,23,4.75
4861,38,36,25,23,4
4862,27,41,20,27,4.333333333
4862,35,40,24,27,5
4862,37,37.1875,22,27,5
4862,28,39,20,22,5
4862,25,30,19,20,3.909090909
4863,28,36.125,38,33.52941177,3.583333333
4863,35,34,30,32.72222222,4.333333333
4863,30,30,32,35,3.333333333
4863,28,27,26,29,4
4863,29,24,27,33,4
4864,35,41,39,27,5
4864,36,44,31,45,4
4864,33,41.4375,32,57,3.166666667
4864,36,39,29,54,4.25
4864,34,38,29,43,5
4865,33,34,30,54,4.833333333
4865,33,30,37,47,4
4865,36.125,34,52,34,4.333333333
4865,35,37.1875,38,42,4.545454546
4865,32,36,33,37,5
4866,28,33,25,28,3.833333333
4866,33,31,28,24,4
4866,34,37,31,23,3
4866,32,32.9375,28.5,27,3.166666667
4866,30,37,26,31,2
4867,29,36,25,34,3.833333333
4867,27,33,17,29,5
4867,22,35,11,32,4
4867,19,32,11,28,4
4867,20,36,11,29,4
4868,24,33,21,21,4.916666667
4868,28,31,20,25,4.25
4868,29,30,21,27,3.583333333
4868,33,31,29,26,3
4868,31,30,27,30,3
4869,36,42,21,23,5
4869,33,38,21,25,4
4869,32,35,22,20,5
4869,31,38,25,26,4.583333333
4869,28,34,20,23,3
4870,37,36,36,28,3.833333333
4870,35,36,26,29,4
4870,33,33,26,28,4.083333333
4870,32,31,26.5,27.5,2.791666667
4870,32,30,27,21,3
4871,34,34,43,24,4.75
4871,36,36,27,23,3.916666667
4871,32,33,23,12,4
4871,33,31,27,15,4
4871,33,37,28,17,3
4872,31,37,36,25,4.083333333
4872,35,43.5625,30,33,4.333333333
4872,32,42,31,25,4.166666667
4872,33,40,20,34,3.5
4872,30,34,30,23,3.181818182
4873,41,42,47,36,2.916666667
4873,41,43,23,22,4.416666667
4873,41,44,26,35,4.083333333
4873,47,42,26,39,4
4873,48,36,19,31,4.916666667
4874,31,31,23,28,4.416666667
4874,28,35,19,25,5
4874,28,36,18,23,5
4874,28,38,20,22,5
4874,30,35,23,28,4.666666667
4875,29,35,23,25,4.083333333
4875,23.375,34,22,22,4.916666667
4875,29,31,24,26,5
4875,26,31,26,27,4.833333333
4875,25.5,31,24,25,4.666666667
4876,36,37,25,26,4.666666667
4876,35,36,23,21,3.333333333
4876,32,31,22,29,5
4876,33,36,29,27,4.583333333
4876,29,33,29.55555556,26,4.333333333
4878,30,35,27,24,3.5
4878,29,31,33,23,3.583333333
4878,31,27,26,23,3
4878,28,26,25,22,3
4878,31,25,29,24,3
4879,32,30,26,24,4.833333333
4879,31,28,25,24,5
4879,25,24,23,24,1.666666667
4879,24,25,24,29,3
4879,26,27,29,29,2.083333333
4880,42,44.625,24,21,4.333333333
4880,40,48,26,23,4.916666667
4880,41,43,31,27,4.5
4880,39,48,25,26,4.75
4880,37,45,25,22,5
4881,40,42,27,26,4.666666667
4881,38,40,23,30,5
4881,36,39,24,25,4.75
4881,35,35,22,28,5
4881,38,38,22,30,4.916666667
4882,35,38,19,23,4.833333333
4882,37,32,20,20,4.5
4882,33,31,19,24,5
4882,33,34,20,21,4.5
4882,31,32,20,20,4.166666667
4884,28,28,23,31,4.083333333
4884,31,34,30,41,3
4884,28,31,25,35,3
4884,31,32,23,29,3.75
4884,28,27,24,31,3.416666667
4885,31,30,30,24,3.333333333
4885,29,31,29,27,3.166666667
4885,26,32,33,23,1.916666667
4885,24,28,28,28,1.636363636
4885,26,29,28,30,1
4886,35,39,21,24,4.416666667
4886,32,38,20,20,5
4886,36,36,26,20,4.5
4886,32,40,25,24,3.916666667
4886,32,37,23,29,5
4887,37.1875,36,26,20,4.916666667
4887,35,35,21.5,21.5,5
4887,36,34,26,19,6
4887,33,36,22,22,5
4887,29,34,21,26,5
4888,28,31,33,33,2.083333333
4888,30,29,21,32,4
4888,31,30,20,25,3.666666667
4888,26.5,26.5,21,25.5,3.458333334
4888,26,32,19,29,4
4889,36,37.1875,29,34.83333333,4.5
4889,36,39,29,26,4.833333333
4889,31,40,24,26,4
4889,37,39,37,22,5
4889,36,38,35,28,4
4890,32,36,28,24,4.916666667
4890,32,35,27.44444444,30,4.416666667
4890,35.0625,35,27.44444444,30,4.75
4890,34,34,28.5,28,4.333333333
4890,28,32,20,26,5
4891,30,30,27,20,4.083333333
4891,33,37,23,19,3.666666667
4891,32,24,28,19,3.75
4891,28,21,26,19,3.916666667
4891,31,19,28,23,3
4892,39,40,36,36,2.833333333
4892,32,39,29,31,3.333333333
4892,30,37,25,31,4
4892,31,34,29,24,3.666666667
4892,33,37,34,26,2.833333333
4893,,,,,
4893,,,,,
4893,,,,,
4893,,,,,
4893,,,,,
4894,,,,,
4894,,,,,
4894,,,,,
4894,,,,,
4894,,,,,
4895,34,37,35,32,2.583333333
4895,41,37,24,34,3.583333333
4895,41,39,20,29,3.363636364
4895,37,38.5,21.5,27,3.958333334
4895,36,40,23,31,3
4896,37,41,19,29,5
4896,33,35,21,30,4.833333333
4896,35,34,24,23,5
4896,31,37,23,28,4.25
4896,35,37,23,38,4.75
